PUL_ID,Gene_Name,Locus_Tag,Protein_ID,Protein_Link,Gene_Position,GenBank_Contig,Contig_Link,EC_Number
PUL0003,xynC,BSU_18150,NP_389697.1,,0 - 1269 (-),NC_000964.3:1942714-1943983,,3.2.1.136
PUL0003,xynD,BSU_18160,NP_389698.1,,1399 - 2941 (-),NC_000964.3:1944113-1945655,,3.2.1.55
PUL0010,xylB,GTNG_RS09195,WP_011887509.1,,0 - 1500 (-),NC_009328.1:1855422-1856922,,2.7.1.17
PUL0010,xylA,GTNG_RS09200,WP_008880082.1,,1514 - 2852 (-),NC_009328.1:1856936-1858274,,5.3.1.5
PUL0010,-,GTNG_RS09205,WP_008880081.1,,2950 - 4558 (-),NC_009328.1:1858372-1859980,,-
PUL0010,-,GTNG_RS09210,WP_008880080.1,,5003 - 5666 (-),NC_009328.1:1860425-1861088,,-
PUL0010,-,GTNG_RS09215,WP_008880079.1,,5688 - 6483 (-),NC_009328.1:1861110-1861905,,-
PUL0010,-,GTNG_RS09220,WP_008880078.1,,6999 - 8223 (+),NC_009328.1:1862421-1863645,,-
PUL0010,-,GTNG_RS09225,WP_008880077.1,,8426 - 9068 (-),NC_009328.1:1863848-1864490,,-
PUL0010,-,GTNG_RS09230,WP_011887510.1,,9147 - 9993 (-),NC_009328.1:1864569-1865415,,-
PUL0010,uxuA,GTNG_RS09235,WP_008880075.1,,9968 - 11084 (-),NC_009328.1:1865390-1866506,,4.2.1.8
PUL0010,uxaC,GTNG_RS09240,WP_008880074.1,,11104 - 12508 (-),NC_009328.1:1866526-1867930,,5.3.1.12
PUL0010,-,GTNG_RS09245,WP_011887511.1,,12549 - 13248 (-),NC_009328.1:1867971-1868670,,-
PUL0010,-,GTNG_RS09250,WP_008880072.1,,13365 - 14016 (-),NC_009328.1:1868787-1869438,,-
PUL0010,-,GTNG_RS09255,WP_008880071.1,,14033 - 14987 (-),NC_009328.1:1869455-1870409,,-
PUL0010,-,GTNG_RS09260,WP_008880070.1,,15019 - 16540 (-),NC_009328.1:1870441-1871962,,-
PUL0010,-,GTNG_RS09265,WP_011887512.1,,16556 - 18611 (-),NC_009328.1:1871978-1874033,,-
PUL0010,-,GTNG_RS09270,WP_011887513.1,,18626 - 19517 (-),NC_009328.1:1874048-1874939,,-
PUL0010,-,GTNG_RS09275,WP_011887514.1,,19531 - 20482 (-),NC_009328.1:1874953-1875904,,-
PUL0010,-,GTNG_RS09280,WP_011887515.1,,20612 - 22256 (-),NC_009328.1:1876034-1877678,,-
PUL0010,-,GTNG_RS09285,WP_081157505.1,,22804 - 23800 (-),NC_009328.1:1878226-1879222,,-
PUL0010,-,GTNG_RS09290,WP_011887517.1,,23802 - 25920 (-),NC_009328.1:1879224-1881342,,-
PUL0010,-,GTNG_RS09295,WP_008880061.1,,26030 - 26657 (-),NC_009328.1:1881452-1882079,,-
PUL0010,-,GTNG_RS09300,WP_008880060.1,,26670 - 27720 (-),NC_009328.1:1882092-1883142,,-
PUL0010,-,GTNG_RS09305,WP_008880059.1,,27935 - 28802 (-),NC_009328.1:1883357-1884224,,-
PUL0010,-,GTNG_RS09310,WP_008880058.1,,28816 - 29686 (-),NC_009328.1:1884238-1885108,,-
PUL0010,-,GTNG_RS09315,WP_008880057.1,,29761 - 31084 (-),NC_009328.1:1885183-1886506,,-
PUL0010,-,GTNG_RS09320,WP_008880056.1,,31198 - 31990 (-),NC_009328.1:1886620-1887412,,-
PUL0010,-,GTNG_RS09325,WP_008880055.1,,31989 - 33720 (-),NC_009328.1:1887411-1889142,,-
PUL0010,-,GTNG_RS09330,WP_008880054.1,,34225 - 34417 (-),NC_009328.1:1889647-1889839,,-
PUL0010,-,GTNG_RS09335,-,,34611 - 35946 (+),NC_009328.1:1890033-1891368,,-
PUL0010,-,GTNG_RS09340,WP_011887518.1,,36251 - 37466 (-),NC_009328.1:1891673-1892888,,-
PUL0010,-,GTNG_RS09345,WP_011887519.1,,37462 - 38272 (-),NC_009328.1:1892884-1893694,,-
PUL0010,-,GTNG_RS09350,WP_011887520.1,,38329 - 39325 (-),NC_009328.1:1893751-1894747,,-
PUL0010,-,GTNG_RS09355,WP_011887521.1,,39387 - 40896 (-),NC_009328.1:1894809-1896318,,-
PUL0010,-,GTNG_RS09360,WP_008880047.1,,40935 - 41781 (-),NC_009328.1:1896357-1897203,,-
PUL0010,-,GTNG_RS09365,WP_011887522.1,,41784 - 42717 (-),NC_009328.1:1897206-1898139,,-
PUL0010,-,GTNG_RS09370,WP_008880045.1,,42844 - 44152 (-),NC_009328.1:1898266-1899574,,-
PUL0010,araA,GTNG_RS09375,WP_011887523.1,,44652 - 46143 (-),NC_009328.1:1900074-1901565,,5.3.1.4
PUL0010,-,GTNG_RS09380,WP_011887524.1,,46159 - 47854 (-),NC_009328.1:1901581-1903276,,2.7.1.16
PUL0010,araD,GTNG_RS09385,WP_011887525.1,,47869 - 48556 (-),NC_009328.1:1903291-1903978,,5.1.3.4
PUL0010,-,GTNG_RS09390,WP_011887526.1,,48647 - 49742 (-),NC_009328.1:1904069-1905164,,-
PUL0010,-,GTNG_RS09395,WP_011887527.1,,49861 - 51085 (-),NC_009328.1:1905283-1906507,,-
PUL0010,-,GTNG_RS09400,WP_011887528.1,,51086 - 52628 (-),NC_009328.1:1906508-1908050,,-
PUL0010,-,GTNG_RS09405,WP_008880038.1,,52701 - 53778 (-),NC_009328.1:1908123-1909200,,-
PUL0078,-,-,AAB42041.1,,0 - 423 (+),L18965.1:1-424,,-
PUL0078,-,-,AAB42042.1,,455 - 1283 (+),L18965.1:456-1284,,-
PUL0078,xylR,-,AAB42043.1,,1370 - 2570 (+),L18965.1:1371-2571,,-
PUL0078,xynA,-,AAB42044.1,,2598 - 4653 (+),L18965.1:2599-4654,,3.2.1.8
PUL0078,ORF5,-,AAB42045.1,,4886 - 5498 (+),L18965.1:4887-5499,,-
PUL0078,ORF6,-,AAB42046.1,,5553 - 6760 (+),L18965.1:5554-6761,,-
PUL0140,-,CNCMI4602_0516,AYN23376.1,,0 - 1353 (+),CP028460.1:622448-623801,,-
PUL0140,-,CNCMI4602_0517,AYN23377.1,,1782 - 3465 (+),CP028460.1:624230-625913,,-
PUL0140,-,CNCMI4602_0518,AYN23378.1,,3629 - 4646 (-),CP028460.1:626077-627094,,-
PUL0140,-,CNCMI4602_0519,AYN23379.1,,4977 - 6255 (+),CP028460.1:627425-628703,,-
PUL0140,-,CNCMI4602_0520,AYN23380.1,,6362 - 7421 (+),CP028460.1:628810-629869,,-
PUL0140,-,CNCMI4602_0521,AYN23381.1,,7422 - 8292 (+),CP028460.1:629870-630740,,-
PUL0140,-,CNCMI4602_0522,AYN23382.1,,8369 - 9995 (+),CP028460.1:630817-632443,,-
PUL0140,-,CNCMI4602_0523,AYN23383.1,,9997 - 12028 (+),CP028460.1:632445-634476,,-
PUL0140,-,CNCMI4602_0524,AYN23384.1,,12264 - 13428 (+),CP028460.1:634712-635876,,-
PUL0140,-,CNCMI4602_0525,AYN23385.1,,13440 - 15000 (-),CP028460.1:635888-637448,,-
PUL0140,-,CNCMI4602_0526,AYN23386.1,,15089 - 16619 (-),CP028460.1:637537-639067,,-
PUL0227,-,-,AFM44648.1,,0 - 162 (+),JX087428.1:0-162,,-
PUL0227,agu67A,-,AFM44650.1,,325 - 2398 (+),JX087428.1:325-2398,,3.2.1.139
PUL0227,xyl3A,-,AFM44649.1,,2433 - 4803 (+),JX087428.1:2433-4803,,3.2.1.37
PUL0227,xylI,-,AFM44651.1,,4836 - 5979 (+),JX087428.1:4836-5979,,5.3.1.5
PUL0227,xylK,-,AFM44652.1,,5994 - 7506 (+),JX087428.1:5994-7506,,2.7.1.17
PUL0227,-,-,AFM44653.1,,7539 - 8190 (+),JX087428.1:7539-8190,,2.2.1.2
PUL0227,transketolase,-,AFM44655.1,,8207 - 9977 (+),JX087428.1:8207-9977,,2.7.13.3
PUL0227,-,-,AFM44654.1,,12044 - 13529 (+),JX087428.1:12044-13529,,-
PUL0227,xbp1,-,AFM44656.1,,13912 - 15232 (+),JX087428.1:13912-15232,,-
PUL0227,-,-,AFM44657.1,,15352 - 16237 (+),JX087428.1:15352-16237,,-
PUL0227,-,-,AFM44658.1,,16251 - 17112 (+),JX087428.1:16251-17112,,-
PUL0227,-,-,AFM44659.1,,17400 - 18201 (+),JX087428.1:17400-18201,,-
PUL0229,yesN,-,ABV90480.1,,14 - 1583 (+),EU024644.1:620-2189,,-
PUL0229,yesM,-,ABV90481.1,,1598 - 3317 (+),EU024644.1:2204-3923,,-
PUL0229,lplA,-,ABV90482.2,,3450 - 5163 (+),EU024644.1:4056-5769,,-
PUL0229,lplB,-,ABV90483.1,,5252 - 6224 (+),EU024644.1:5858-6830,,-
PUL0229,ytcP,-,ABV90484.1,,6263 - 7184 (+),EU024644.1:6869-7790,,-
PUL0229,aguA,-,ABV90485.1,,7280 - 9344 (+),EU024644.1:7886-9950,,-
PUL0229,xynA2,-,ABV90486.1,,9371 - 10397 (+),EU024644.1:9977-11003,,-
PUL0229,xynB,-,ABV90487.1,,10393 - 11959 (+),EU024644.1:10999-12565,,-
PUL0262,-,BcellWH2_04296,ALJ61513.1,,0 - 3135 (+),CP012801.1:5567610-5570745,,-
PUL0262,-,BcellWH2_04297,ALJ61514.1,,3146 - 5015 (+),CP012801.1:5570756-5572625,,-
PUL0262,-,BcellWH2_04298,ALJ61515.1,,5045 - 7874 (+),CP012801.1:5572655-5575484,,-
PUL0262,-,BcellWH2_04299,ALJ61516.1,,7918 - 9715 (+),CP012801.1:5575528-5577325,,-
PUL0262,-,BcellWH2_04300,ALJ61517.1,,9768 - 10791 (+),CP012801.1:5577378-5578401,,-
PUL0262,-,BcellWH2_04301,ALJ61518.1,,10823 - 12989 (+),CP012801.1:5578433-5580599,,3.2.1.8
PUL0262,xylI_1,BcellWH2_04302,ALJ61519.1,,13240 - 14356 (+),CP012801.1:5580850-5581966,,3.2.1.8
PUL0262,-,BcellWH2_04303,ALJ61520.1,,14510 - 16478 (+),CP012801.1:5582120-5584088,,-
PUL0262,xynZ_1,BcellWH2_04304,ALJ61521.1,,16592 - 17474 (+),CP012801.1:5584202-5585084,,3.2.1.8
PUL0262,axe1-6A_3,BcellWH2_04305,ALJ61522.1,,17507 - 20732 (+),CP012801.1:5585117-5588342,,-
PUL0262,-,BcellWH2_04306,ALJ61523.1,,20773 - 22027 (+),CP012801.1:5588383-5589637,,3.2.1.156
PUL0262,tmoS_23,BcellWH2_04307,ALJ61524.1,,22130 - 26243 (-),CP012801.1:5589740-5593853,,2.7.13.3
PUL0263,xynA,BcellWH2_04323,ALJ61540.1,,0 - 2319 (-),CP012801.1:5620956-5623275,,3.2.1.8
PUL0263,-,BcellWH2_04324,ALJ61541.1,,2351 - 3755 (-),CP012801.1:5623307-5624711,,-
PUL0263,-,BcellWH2_04325,ALJ61542.1,,3770 - 5459 (-),CP012801.1:5624726-5626415,,-
PUL0263,-,BcellWH2_04326,ALJ61543.1,,5482 - 8635 (-),CP012801.1:5626438-5629591,,-
PUL0263,tmoS_24,BcellWH2_04327,ALJ61544.1,,9242 - 13346 (+),CP012801.1:5630198-5634302,,2.7.13.3
PUL0274,-,Balac_0511,ACS45886.1,,0 - 1353 (+),CP001515.1:604574-605927,,5.3.1.5
PUL0274,-,Balac_0512,ACS45887.1,,1757 - 3440 (+),CP001515.1:606331-608014,,-
PUL0274,-,Balac_0513,ACS45888.1,,3452 - 4457 (-),CP001515.1:608026-609031,,-
PUL0274,-,Balac_0514,ACS45889.1,,4787 - 6065 (+),CP001515.1:609361-610639,,-
PUL0274,-,Balac_0515,ACS45890.1,,6173 - 7232 (+),CP001515.1:610747-611806,,-
PUL0274,-,Balac_0516,ACS45891.1,,7233 - 8103 (+),CP001515.1:611807-612677,,-
PUL0274,-,Balac_0517,ACS45892.1,,8180 - 9806 (+),CP001515.1:612754-614380,,-
PUL0274,-,Balac_0518,ACS45893.1,,9911 - 11837 (+),CP001515.1:614485-616411,,-
PUL0274,-,Balac_0519,ACS45894.1,,12073 - 13237 (+),CP001515.1:616647-617811,,-
PUL0274,-,Balac_0520,ACS45895.1,,13249 - 14809 (-),CP001515.1:617823-619383,,-
PUL0274,-,Balac_0521,ACS45896.1,,14898 - 16428 (-),CP001515.1:619472-621002,,-
PUL0274,-,Balac_0522,ACS45897.1,,16614 - 17850 (+),CP001515.1:621188-622424,,-
PUL0289,-,Fjoh_3871,ABQ06882.1,,0 - 3009 (-),CP000685.1:4598617-4601626,,-
PUL0289,-,Fjoh_3872,ABQ06883.1,,3560 - 7682 (-),CP000685.1:4602177-4606299,,-
PUL0289,-,Fjoh_3873,ABQ06884.1,,7776 - 9720 (-),CP000685.1:4606393-4608337,,-
PUL0289,-,Fjoh_3874,ABQ06885.1,,9780 - 12375 (-),CP000685.1:4608397-4610992,,3.2.1.21
PUL0289,-,Fjoh_3875,ABQ06886.1,,12417 - 13974 (-),CP000685.1:4611034-4612591,,-
PUL0289,-,Fjoh_3876,ABQ06887.1,,14006 - 16304 (-),CP000685.1:4612623-4614921,,-
PUL0289,-,Fjoh_3877,ABQ06888.1,,16322 - 18848 (-),CP000685.1:4614939-4617465,,-
PUL0289,-,Fjoh_3878,ABQ06889.1,,18870 - 20553 (-),CP000685.1:4617487-4619170,,-
PUL0289,-,Fjoh_3879,ABQ06890.1,,20604 - 21849 (-),CP000685.1:4619221-4620466,,-
PUL0289,-,Fjoh_3880,ABQ06891.1,,21904 - 23620 (-),CP000685.1:4620521-4622237,,-
PUL0289,-,Fjoh_3881,ABQ06892.1,,23765 - 25706 (-),CP000685.1:4622382-4624323,,-
PUL0289,-,Fjoh_3882,ABQ06893.1,,25718 - 28811 (-),CP000685.1:4624335-4627428,,-
PUL0294,-,APC1464_1419,PKD09594.1,,0 - 345 (+),PJEE01000011.1:293988-294333,,-
PUL0294,-,APC1464_1420,PKD09792.1,,607 - 790 (-),PJEE01000011.1:294595-294778,,-
PUL0294,-,APC1464_1421,PKD09793.1,,980 - 2960 (-),PJEE01000011.1:294968-296948,,-
PUL0294,-,APC1464_1422,PKD09794.1,,3022 - 3655 (-),PJEE01000011.1:297010-297643,,-
PUL0294,-,APC1464_1423,PKD09795.1,,3727 - 5500 (-),PJEE01000011.1:297715-299488,,-
PUL0294,-,APC1464_1424,PKD09796.1,,5576 - 7196 (-),PJEE01000011.1:299564-301184,,-
PUL0294,-,APC1464_1425,PKD09797.1,,7311 - 8208 (-),PJEE01000011.1:301299-302196,,-
PUL0294,-,APC1464_1426,PKD09798.1,,8204 - 9257 (-),PJEE01000011.1:302192-303245,,-
PUL0294,-,APC1464_1427,PKD09799.1,,9350 - 10664 (-),PJEE01000011.1:303338-304652,,-
PUL0294,-,APC1464_1428,PKD09595.1,,11002 - 12043 (+),PJEE01000011.1:304990-306031,,-
PUL0294,-,APC1464_1429,PKD09800.1,,12051 - 13251 (-),PJEE01000011.1:306039-307239,,-
PUL0294,-,APC1464_1430,PKD09801.1,,13607 - 14957 (-),PJEE01000011.1:307595-308945,,-
PUL0328,-,GRFL_0296,APU67020.1,,0 - 2169 (-),CP016359.1:364304-366473,,-
PUL0328,-,GRFL_0297,APU67021.1,,2187 - 4629 (-),CP016359.1:366491-368933,,-
PUL0328,-,GRFL_0298,APU67022.1,,4637 - 5780 (-),CP016359.1:368941-370084,,5.1.3.3
PUL0328,-,GRFL_0299,APU67023.1,,5808 - 6909 (-),CP016359.1:370112-371213,,3.2.1.55
PUL0328,-,GRFL_0300,APU67024.1,,6917 - 8738 (-),CP016359.1:371221-373042,,3.2.1.23
PUL0328,-,GRFL_0301,APU67025.1,,8780 - 9956 (-),CP016359.1:373084-374260,,-
PUL0328,-,GRFL_0302,APU67026.1,,10102 - 10795 (-),CP016359.1:374406-375099,,-
PUL0328,-,GRFL_0303,APU67027.1,,10814 - 12710 (-),CP016359.1:375118-377014,,-
PUL0328,-,GRFL_0304,APU67028.1,,12716 - 15857 (-),CP016359.1:377020-380161,,-
PUL0329,-,GRFL_0317,APU67041.1,,0 - 1551 (-),CP016359.1:398120-399671,,-
PUL0329,-,GRFL_0318,APU67042.1,,1561 - 3307 (-),CP016359.1:399681-401427,,3.2.1.37
PUL0329,-,GRFL_0319,APU67043.1,,3318 - 4431 (-),CP016359.1:401438-402551,,5.1.3.3
PUL0329,-,GRFL_0320,APU67044.1,,4758 - 6705 (-),CP016359.1:402878-404825,,-
PUL0329,-,GRFL_0321,APU67045.1,,6701 - 7877 (-),CP016359.1:404821-405997,,-
PUL0329,-,GRFL_0322,APU67046.1,,8108 - 11234 (+),CP016359.1:406228-409354,,-
PUL0329,-,GRFL_0323,APU67047.1,,11243 - 13169 (+),CP016359.1:409363-411289,,-
PUL0329,-,GRFL_0324,APU67048.1,,13308 - 15111 (+),CP016359.1:411428-413231,,2.1.3.-
PUL0329,-,GRFL_0325,APU67049.1,,15110 - 15260 (+),CP016359.1:413230-413380,,-
PUL0329,-,GRFL_0326,APU67050.1,,15240 - 15453 (-),CP016359.1:413360-413573,,-
PUL0329,-,GRFL_0327,APU67051.1,,15451 - 15619 (+),CP016359.1:413571-413739,,-
PUL0329,-,GRFL_0328,APU67052.1,,15621 - 17265 (-),CP016359.1:413741-415385,,-
PUL0329,-,GRFL_0329,APU67053.1,,17426 - 17558 (-),CP016359.1:415546-415678,,-
PUL0329,-,GRFL_0330,APU67054.1,,17743 - 18823 (+),CP016359.1:415863-416943,,-
PUL0329,-,GRFL_0331,APU67055.1,,18962 - 20366 (-),CP016359.1:417082-418486,,5.3.1.12
PUL0329,-,GRFL_0332,APU67056.1,,20375 - 22583 (-),CP016359.1:418495-420703,,3.2.1.21
PUL0329,-,GRFL_0333,APU67057.1,,22706 - 24938 (+),CP016359.1:420826-423058,,3.2.1.139
PUL0329,-,GRFL_0334,APU67058.1,,24943 - 25687 (+),CP016359.1:423063-423807,,1.1.1.100
PUL0329,-,GRFL_0335,APU67059.1,,25697 - 26858 (+),CP016359.1:423817-424978,,4.2.1.8
PUL0329,-,GRFL_0336,APU67060.1,,26870 - 28019 (+),CP016359.1:424990-426139,,3.2.1.8
PUL0329,-,GRFL_0337,APU67061.1,,27999 - 30843 (+),CP016359.1:426119-428963,,-
PUL0329,-,GRFL_0338,APU67062.1,,30859 - 32179 (-),CP016359.1:428979-430299,,-
PUL0329,-,GRFL_0339,APU67063.1,,32270 - 33587 (-),CP016359.1:430390-431707,,5.3.1.5
PUL0329,-,GRFL_0340,APU67064.1,,33595 - 35086 (-),CP016359.1:431715-433206,,2.7.1.17
PUL0329,-,GRFL_0341,APU67065.1,,35092 - 36712 (-),CP016359.1:433212-434832,,-
PUL0335,-,-,SIP56311.1,,126 - 468 (+),LT674125.1:252-594,,-
PUL0335,-,-,SIP56312.1,,449 - 1811 (-),LT674125.1:575-1937,,-
PUL0335,-,-,SIP56313.1,,1954 - 3442 (-),LT674125.1:2080-3568,,-
PUL0335,-,-,SIP56314.1,,3635 - 4148 (+),LT674125.1:3761-4274,,-
PUL0335,-,-,SIP56315.1,,4206 - 5760 (+),LT674125.1:4332-5886,,6.4.1.3
PUL0335,-,-,SIP56316.1,,5791 - 6724 (+),LT674125.1:5917-6850,,-
PUL0335,-,-,SIP56317.1,,6747 - 7182 (+),LT674125.1:6873-7308,,4.1.1.70
PUL0335,-,-,SIP56318.1,,7183 - 8344 (+),LT674125.1:7309-8470,,4.1.1.70
PUL0335,-,-,SIP56319.1,,8516 - 9869 (+),LT674125.1:8642-9995,,-
PUL0335,-,-,SIP56320.1,,9978 - 11829 (+),LT674125.1:10104-11955,,3.2.1.54
PUL0335,-,-,SIP56321.1,,12299 - 13310 (-),LT674125.1:12425-13436,,4.1.2.13
PUL0335,-,-,SIP56322.1,,13592 - 14423 (-),LT674125.1:13718-14549,,-
PUL0335,-,-,SIP56323.1,,14441 - 15716 (+),LT674125.1:14567-15842,,-
PUL0335,-,-,SIP56324.1,,16125 - 16377 (+),LT674125.1:16251-16503,,-
PUL0335,-,-,SIP56325.1,,16558 - 18085 (+),LT674125.1:16684-18211,,-
PUL0335,-,-,SIP56326.1,,18176 - 19265 (-),LT674125.1:18302-19391,,2.1.2.10
PUL0335,-,-,SIP56327.1,,19296 - 20520 (-),LT674125.1:19422-20646,,3.4.11.4
PUL0335,-,-,SIP56328.1,,20716 - 22129 (-),LT674125.1:20842-22255,,2.4.2.14
PUL0335,-,-,SIP56329.1,,22300 - 23107 (+),LT674125.1:22426-23233,,-
PUL0335,-,-,SIP56330.1,,23110 - 24052 (-),LT674125.1:23236-24178,,-
PUL0335,-,-,SIP56331.1,,24257 - 26411 (-),LT674125.1:24383-26537,,3.2.1.22
PUL0335,-,-,SIP56332.1,,26638 - 27124 (-),LT674125.1:26764-27250,,-
PUL0335,-,-,SIP56333.1,,27849 - 28227 (+),LT674125.1:27975-28353,,-
PUL0335,-,-,SIP56334.1,,28240 - 28909 (+),LT674125.1:28366-29035,,-
PUL0335,-,-,SIP56335.1,,28974 - 30264 (+),LT674125.1:29100-30390,,4.2.1.11
PUL0335,-,-,SIP56336.1,,30367 - 32620 (-),LT674125.1:30493-32746,,3.2.1.21
PUL0335,-,-,SIP56337.1,,32622 - 33915 (-),LT674125.1:32748-34041,,-
PUL0335,-,-,SIP56338.1,,34004 - 34949 (-),LT674125.1:34130-35075,,3.2.1.73
PUL0335,-,-,SIP56339.1,,35034 - 35244 (-),LT674125.1:35160-35370,,-
PUL0335,-,-,SIP56340.1,,35317 - 36913 (-),LT674125.1:35443-37039,,-
PUL0335,-,-,SIP56341.1,,36931 - 38827 (-),LT674125.1:37057-38953,,-
PUL0336,-,-,SIP56342.1,,646 - 1024 (+),LT674126.1:1292-1670,,-
PUL0336,-,-,SIP56343.1,,1037 - 1706 (+),LT674126.1:1683-2352,,-
PUL0336,-,-,SIP56344.1,,1772 - 3062 (+),LT674126.1:2418-3708,,4.2.1.11
PUL0336,-,-,SIP56345.1,,3165 - 5409 (-),LT674126.1:3811-6055,,3.2.1.21
PUL0336,-,-,SIP56346.1,,5420 - 6713 (-),LT674126.1:6066-7359,,-
PUL0336,-,-,SIP56347.1,,6802 - 7747 (-),LT674126.1:7448-8393,,3.2.1.73
PUL0336,-,-,SIP56348.1,,7832 - 8009 (-),LT674126.1:8478-8655,,-
PUL0336,-,-,SIP56349.1,,8114 - 9710 (-),LT674126.1:8760-10356,,-
PUL0336,-,-,SIP56350.1,,9728 - 12881 (-),LT674126.1:10374-13527,,-
PUL0336,-,-,SIP56351.1,,13171 - 16123 (-),LT674126.1:13817-16769,,-
PUL0336,-,-,SIP56352.1,,16819 - 17365 (+),LT674126.1:17465-18011,,-
PUL0336,-,-,SIP56353.1,,17420 - 18374 (+),LT674126.1:18066-19020,,2.4.2.53
PUL0336,-,-,SIP56354.1,,18376 - 18862 (+),LT674126.1:19022-19508,,-
PUL0336,-,-,SIP56355.1,,18815 - 19598 (+),LT674126.1:19461-20244,,-
PUL0336,-,-,SIP56356.1,,19605 - 20184 (+),LT674126.1:20251-20830,,-
PUL0336,-,-,SIP56357.1,,20210 - 21227 (+),LT674126.1:20856-21873,,-
PUL0336,-,-,SIP56358.1,,21248 - 21617 (-),LT674126.1:21894-22263,,-
PUL0336,-,-,SIP56359.1,,21638 - 22388 (-),LT674126.1:22284-23034,,-
PUL0336,-,-,SIP56360.1,,22554 - 23985 (+),LT674126.1:23200-24631,,-
PUL0336,-,-,SIP56361.1,,23993 - 24464 (+),LT674126.1:24639-25110,,-
PUL0336,-,-,SIP56362.1,,24515 - 25517 (+),LT674126.1:25161-26163,,-
PUL0336,-,-,SIP56363.1,,25611 - 26490 (+),LT674126.1:26257-27136,,2.4.2.1
PUL0336,-,-,SIP56364.1,,26769 - 28164 (+),LT674126.1:27415-28810,,3.6.-.-
PUL0336,-,-,SIP56365.1,,28328 - 30029 (-),LT674126.1:28974-30675,,2.7.13.3
PUL0336,-,-,SIP56366.1,,30436 - 31612 (+),LT674126.1:31082-32258,,-
PUL0337,-,-,SIP56367.1,,155 - 437 (-),LT674127.1:310-592,,-
PUL0337,-,-,SIP56368.1,,621 - 1908 (+),LT674127.1:776-2063,,4.4.1.11
PUL0337,-,-,SIP56369.1,,1930 - 2995 (+),LT674127.1:2085-3150,,2.8.1.-
PUL0337,-,-,SIP56370.1,,2985 - 3648 (-),LT674127.1:3140-3803,,-
PUL0337,-,-,SIP56371.1,,3738 - 4329 (-),LT674127.1:3893-4484,,-
PUL0337,-,-,SIP56372.1,,4395 - 5832 (-),LT674127.1:4550-5987,,-
PUL0337,-,-,SIP56373.1,,6000 - 7176 (-),LT674127.1:6155-7331,,-
PUL0337,-,-,SIP56374.1,,7583 - 9284 (+),LT674127.1:7738-9439,,2.7.13.3
PUL0337,-,-,SIP56375.1,,9448 - 10843 (-),LT674127.1:9603-10998,,3.6.-.-
PUL0337,-,-,SIP56376.1,,11122 - 12001 (-),LT674127.1:11277-12156,,2.4.2.1
PUL0337,-,-,SIP56377.1,,12095 - 13097 (-),LT674127.1:12250-13252,,-
PUL0337,-,-,SIP56378.1,,13148 - 13619 (-),LT674127.1:13303-13774,,-
PUL0337,-,-,SIP56379.1,,13627 - 15058 (-),LT674127.1:13782-15213,,-
PUL0337,-,-,SIP56380.1,,15224 - 15974 (+),LT674127.1:15379-16129,,-
PUL0337,-,-,SIP56381.1,,15995 - 16364 (+),LT674127.1:16150-16519,,-
PUL0337,-,-,SIP56382.1,,16385 - 17402 (-),LT674127.1:16540-17557,,-
PUL0337,-,-,SIP56383.1,,17428 - 18007 (-),LT674127.1:17583-18162,,-
PUL0337,-,-,SIP56384.1,,18014 - 18797 (-),LT674127.1:18169-18952,,-
PUL0337,-,-,SIP56385.1,,18750 - 19236 (-),LT674127.1:18905-19391,,-
PUL0337,-,-,SIP56386.1,,19238 - 20192 (-),LT674127.1:19393-20347,,2.4.2.53
PUL0337,-,-,SIP56387.1,,20247 - 20793 (-),LT674127.1:20402-20948,,-
PUL0337,-,-,SIP56388.1,,21489 - 24441 (+),LT674127.1:21644-24596,,-
PUL0337,-,-,SIP56389.1,,24731 - 27884 (+),LT674127.1:24886-28039,,-
PUL0337,-,-,SIP56390.1,,27902 - 29498 (+),LT674127.1:28057-29653,,-
PUL0337,-,-,SIP56391.1,,29571 - 29781 (+),LT674127.1:29726-29936,,-
PUL0337,-,-,SIP56392.1,,29866 - 30811 (+),LT674127.1:30021-30966,,3.2.1.73
PUL0337,-,-,SIP56393.1,,30900 - 32193 (+),LT674127.1:31055-32348,,-
PUL0337,-,-,SIP56394.1,,32204 - 34448 (+),LT674127.1:32359-34603,,3.2.1.21
PUL0337,-,-,SIP56395.1,,34551 - 35766 (-),LT674127.1:34706-35921,,4.2.1.11
PUL0338,-,-,SIP56396.1,,328 - 1504 (-),LT674128.1:656-1832,,-
PUL0338,-,-,SIP56397.1,,1911 - 3612 (+),LT674128.1:2239-3940,,2.7.13.3
PUL0338,-,-,SIP56398.1,,3776 - 5171 (-),LT674128.1:4104-5499,,3.6.-.-
PUL0338,-,-,SIP56399.1,,5450 - 6329 (-),LT674128.1:5778-6657,,2.4.2.1
PUL0338,-,-,SIP56400.1,,6423 - 7425 (-),LT674128.1:6751-7753,,-
PUL0338,-,-,SIP56401.1,,7476 - 7947 (-),LT674128.1:7804-8275,,-
PUL0338,-,-,SIP56402.1,,7955 - 9386 (-),LT674128.1:8283-9714,,-
PUL0338,-,-,SIP56403.1,,9552 - 10302 (+),LT674128.1:9880-10630,,-
PUL0338,-,-,SIP56404.1,,10323 - 10692 (+),LT674128.1:10651-11020,,-
PUL0338,-,-,SIP56405.1,,10713 - 11730 (-),LT674128.1:11041-12058,,-
PUL0338,-,-,SIP56406.1,,11756 - 12335 (-),LT674128.1:12084-12663,,-
PUL0338,-,-,SIP56407.1,,12342 - 13125 (-),LT674128.1:12670-13453,,-
PUL0338,-,-,SIP56408.1,,13078 - 13564 (-),LT674128.1:13406-13892,,-
PUL0338,-,-,SIP56409.1,,13566 - 14520 (-),LT674128.1:13894-14848,,2.4.2.53
PUL0338,-,-,SIP56410.1,,14575 - 15121 (-),LT674128.1:14903-15449,,-
PUL0338,-,-,SIP56411.1,,15816 - 18768 (+),LT674128.1:16144-19096,,-
PUL0338,-,-,SIP56412.1,,19058 - 22211 (+),LT674128.1:19386-22539,,-
PUL0338,-,-,SIP56413.1,,22229 - 23825 (+),LT674128.1:22557-24153,,-
PUL0338,-,-,SIP56414.1,,23898 - 24108 (+),LT674128.1:24226-24436,,-
PUL0338,-,-,SIP56415.1,,24193 - 25138 (+),LT674128.1:24521-25466,,3.2.1.73
PUL0338,-,-,SIP56416.1,,25227 - 26520 (+),LT674128.1:25555-26848,,-
PUL0338,-,-,SIP56417.1,,26531 - 28775 (+),LT674128.1:26859-29103,,3.2.1.21
PUL0338,-,-,SIP56418.1,,28878 - 30168 (-),LT674128.1:29206-30496,,4.2.1.11
PUL0338,-,-,SIP56419.1,,30232 - 30901 (-),LT674128.1:30560-31229,,-
PUL0338,-,-,SIP56420.1,,30914 - 31292 (-),LT674128.1:31242-31620,,-
PUL0338,-,-,SIP56421.1,,32017 - 32503 (+),LT674128.1:32345-32831,,-
PUL0338,-,-,SIP56422.1,,32730 - 34884 (+),LT674128.1:33058-35212,,3.2.1.22
PUL0338,-,-,SIP56423.1,,35089 - 36031 (+),LT674128.1:35417-36359,,-
PUL0338,-,-,SIP56424.1,,36034 - 36841 (-),LT674128.1:36362-37169,,-
PUL0338,-,-,SIP56425.1,,37012 - 38425 (+),LT674128.1:37340-38753,,2.4.2.14
PUL0338,-,-,SIP56426.1,,38621 - 39845 (+),LT674128.1:38949-40173,,3.4.11.4
PUL0338,-,-,SIP56427.1,,39876 - 40965 (+),LT674128.1:40204-41293,,2.1.2.10
PUL0338,-,-,SIP56428.1,,41056 - 42583 (-),LT674128.1:41384-42911,,-
PUL0338,-,-,SIP56429.1,,42764 - 43016 (-),LT674128.1:43092-43344,,-
PUL0339,-,-,SIP56430.1,,20 - 212 (+),LT674129.1:40-232,,-
PUL0339,-,-,SIP56431.1,,1160 - 1976 (-),LT674129.1:1180-1996,,-
PUL0339,-,-,SIP56432.1,,2038 - 2410 (-),LT674129.1:2058-2430,,-
PUL0339,-,-,SIP56433.1,,2749 - 2950 (+),LT674129.1:2769-2970,,-
PUL0339,-,-,SIP56434.1,,2961 - 3366 (+),LT674129.1:2981-3386,,-
PUL0339,-,-,SIP56435.1,,3575 - 6047 (+),LT674129.1:3595-6067,,3.6.4.-
PUL0339,-,-,SIP56436.1,,6153 - 7368 (+),LT674129.1:6173-7388,,-
PUL0339,-,-,SIP56437.1,,7581 - 9738 (-),LT674129.1:7601-9758,,3.2.1.22
PUL0339,-,-,SIP56438.1,,9963 - 10359 (+),LT674129.1:9983-10379,,-
PUL0339,-,-,SIP56439.1,,10434 - 11715 (+),LT674129.1:10454-11735,,4.2.1.11
PUL0339,-,-,SIP56440.1,,11810 - 14063 (-),LT674129.1:11830-14083,,3.2.1.21
PUL0339,-,-,SIP56441.1,,14106 - 15447 (-),LT674129.1:14126-15467,,-
PUL0339,-,-,SIP56442.1,,15464 - 16955 (-),LT674129.1:15484-16975,,3.2.1.73
PUL0339,-,-,SIP56443.1,,17018 - 18446 (-),LT674129.1:17038-18466,,-
PUL0339,-,-,SIP56444.1,,18477 - 20049 (-),LT674129.1:18497-20069,,-
PUL0339,-,-,SIP56445.1,,20069 - 23324 (-),LT674129.1:20089-23344,,-
PUL0339,-,-,SIP56446.1,,23634 - 25956 (-),LT674129.1:23654-25976,,-
PUL0339,-,-,SIP56447.1,,26157 - 28347 (+),LT674129.1:26177-28367,,6.3.1.2
PUL0339,-,-,SIP56448.1,,28690 - 29392 (+),LT674129.1:28710-29412,,-
PUL0339,-,-,SIP56449.1,,29479 - 31924 (+),LT674129.1:29499-31944,,3.2.1.52
PUL0339,-,-,SIP56450.1,,32224 - 33172 (-),LT674129.1:32244-33192,,1.8.1.9
PUL0339,-,-,SIP56451.1,,33275 - 33920 (-),LT674129.1:33295-33940,,-
PUL0339,-,-,SIP56452.1,,33934 - 36427 (-),LT674129.1:33954-36447,,-
PUL0339,-,-,SIP56453.1,,36712 - 37156 (-),LT674129.1:36732-37176,,-
PUL0342,-,PRU_RS13995,WP_013065621.1,,0 - 2181 (+),NC_014033.1:3346598-3348779,,-
PUL0342,-,PRU_RS14000,WP_013064566.1,,2449 - 4915 (+),NC_014033.1:3349047-3351513,,-
PUL0342,-,PRU_RS14005,WP_013064096.1,,4945 - 7531 (+),NC_014033.1:3351543-3354129,,-
PUL0342,-,PRU_RS14010,WP_080517213.1,,7520 - 8927 (-),NC_014033.1:3354118-3355525,,-
PUL0342,-,PRU_RS14015,WP_013064354.1,,8830 - 12835 (-),NC_014033.1:3355428-3359433,,-
PUL0345,-,BACINT_04193,EDV05050.1,,0 - 4095 (-),ABJL02000008.1:2468545-2472640,,-
PUL0345,-,BACINT_04194,EDV05051.1,,4857 - 7998 (+),ABJL02000008.1:2473402-2476543,,-
PUL0345,-,BACINT_04195,EDV05052.1,,8017 - 9757 (+),ABJL02000008.1:2476562-2478302,,-
PUL0345,-,BACINT_04196,EDV05053.1,,9805 - 11173 (+),ABJL02000008.1:2478350-2479718,,-
PUL0345,-,BACINT_04197,EDV05054.1,,11219 - 13568 (+),ABJL02000008.1:2479764-2482113,,-
PUL0345,-,BACINT_04198,EDV05055.1,,13622 - 13745 (-),ABJL02000008.1:2482167-2482290,,-
PUL0345,-,BACINT_04199,EDV05056.1,,13787 - 15536 (+),ABJL02000008.1:2482332-2484081,,-
PUL0345,-,BACINT_04200,EDV05057.1,,15573 - 17244 (+),ABJL02000008.1:2484118-2485789,,-
PUL0345,-,BACINT_04201,EDV05058.1,,17317 - 18814 (+),ABJL02000008.1:2485862-2487359,,-
PUL0345,-,BACINT_04202,EDV05059.1,,18829 - 21562 (+),ABJL02000008.1:2487374-2490107,,-
PUL0345,-,BACINT_04203,EDV05060.1,,21581 - 22559 (+),ABJL02000008.1:2490126-2491104,,-
PUL0345,-,BACINT_04204,EDV05061.1,,22576 - 23557 (+),ABJL02000008.1:2491121-2492102,,-
PUL0345,-,BACINT_04205,EDV05062.1,,23578 - 25609 (+),ABJL02000008.1:2492123-2494154,,-
PUL0345,-,BACINT_04207,EDV05064.1,,25623 - 25851 (-),ABJL02000008.1:2494168-2494396,,-
PUL0345,-,BACINT_04206,EDV05063.1,,25849 - 26908 (+),ABJL02000008.1:2494394-2495453,,-
PUL0345,-,BACINT_04208,EDV05065.1,,27235 - 31231 (+),ABJL02000008.1:2495780-2499776,,-
PUL0345,-,BACINT_04209,EDV05066.1,,31312 - 32974 (-),ABJL02000008.1:2499857-2501519,,-
PUL0345,-,BACINT_04210,EDV05067.1,,33146 - 34403 (-),ABJL02000008.1:2501691-2502948,,-
PUL0345,-,BACINT_04211,EDV05068.1,,34441 - 37627 (-),ABJL02000008.1:2502986-2506172,,-
PUL0345,-,BACINT_04212,EDV05069.1,,37691 - 38576 (-),ABJL02000008.1:2506236-2507121,,-
PUL0345,-,BACINT_04213,EDV05070.1,,38794 - 40777 (-),ABJL02000008.1:2507339-2509322,,-
PUL0345,-,BACINT_04214,EDV05071.1,,41091 - 41832 (-),ABJL02000008.1:2509636-2510377,,-
PUL0345,-,BACINT_04215,EDV05072.1,,41909 - 44150 (-),ABJL02000008.1:2510454-2512695,,-
PUL0345,-,BACINT_04216,EDV05073.1,,44183 - 45218 (-),ABJL02000008.1:2512728-2513763,,-
PUL0345,-,BACINT_04217,EDV05074.1,,45251 - 47057 (-),ABJL02000008.1:2513796-2515602,,-
PUL0345,-,BACINT_04218,EDV05075.1,,47101 - 49930 (-),ABJL02000008.1:2515646-2518475,,-
PUL0345,-,BACINT_04219,EDV05076.1,,49959 - 51822 (-),ABJL02000008.1:2518504-2520367,,-
PUL0345,-,BACINT_04220,EDV05077.1,,51834 - 54978 (-),ABJL02000008.1:2520379-2523523,,-
PUL0345,-,BACINT_04221,EDV05078.1,,55796 - 55955 (+),ABJL02000008.1:2524341-2524500,,-
PUL0345,-,BACINT_04222,EDV05079.1,,55991 - 57917 (-),ABJL02000008.1:2524536-2526462,,-
PUL0345,-,BACINT_04223,EDV05080.1,,57939 - 60486 (-),ABJL02000008.1:2526484-2529031,,-
PUL0346,-,-,CCG34969.1,,0 - 475 (-),HE717017.1:1-476,,-
PUL0346,-,-,CCG34970.1,,841 - 4768 (+),HE717017.1:842-4769,,-
PUL0346,-,-,CCG34971.1,,5359 - 5659 (+),HE717017.1:5360-5660,,-
PUL0346,-,-,CCG34972.1,,5935 - 6361 (+),HE717017.1:5936-6362,,-
PUL0346,-,-,CCG34973.1,,6916 - 7675 (-),HE717017.1:6917-7676,,-
PUL0346,-,-,CCG34974.1,,7678 - 7834 (-),HE717017.1:7679-7835,,-
PUL0346,-,-,CCG34975.1,,8464 - 10405 (-),HE717017.1:8465-10406,,-
PUL0346,-,-,CCG34976.1,,10413 - 13401 (-),HE717017.1:10414-13402,,-
PUL0346,-,-,CCG34977.1,,13526 - 15263 (-),HE717017.1:13527-15264,,-
PUL0346,-,-,CCG34978.1,,15612 - 16584 (-),HE717017.1:15613-16585,,-
PUL0346,-,-,CCG34979.1,,16596 - 17718 (-),HE717017.1:16597-17719,,-
PUL0346,-,-,CCG34980.1,,17930 - 18896 (+),HE717017.1:17931-18897,,-
PUL0346,-,-,CCG34981.1,,19066 - 20560 (-),HE717017.1:19067-20561,,-
PUL0346,-,-,CCG34982.1,,21459 - 21768 (-),HE717017.1:21460-21769,,-
PUL0346,-,-,CCG34983.1,,22148 - 22889 (-),HE717017.1:22149-22890,,-
PUL0364,xynA,XCC4115,AAM43336.1,,0 - 1158 (-),AE008922.1:4895164-4896322,,-
PUL0364,-,XCC4116,AAM43337.1,,1298 - 4190 (-),AE008922.1:4896462-4899354,,-
PUL0364,hrmI,XCC4117,AAM43338.1,,4275 - 5691 (-),AE008922.1:4899439-4900855,,-
PUL0364,xynB,XCC4118,AAM43339.1,,5742 - 6735 (-),AE008922.1:4900906-4901899,,-
PUL0364,exuT,XCC4119,AAM43340.1,,6744 - 8250 (-),AE008922.1:4901908-4903414,,-
PUL0364,cirA,XCC4120,AAM43341.1,,8593 - 11476 (+),AE008922.1:4903757-4906640,,-
PUL0364,xylP,XCC4121,AAM43342.1,,11573 - 13061 (+),AE008922.1:4906737-4908225,,-
PUL0364,xsa,XCC4122,AAM43343.1,,13096 - 14131 (+),AE008922.1:4908260-4909295,,-
PUL0390,-,TM_RS00250,WP_004082543.1,,0 - 2025 (-),NC_000853.1:51632-53657,,3.2.1.139
PUL0390,-,TM_RS00255,WP_004082544.1,,2081 - 4055 (-),NC_000853.1:53713-55687,,-
PUL0390,-,TM_RS00260,WP_004082545.1,,4068 - 5085 (-),NC_000853.1:55700-56717,,-
PUL0390,-,TM_RS00265,WP_004082546.1,,5081 - 6077 (-),NC_000853.1:56713-57709,,-
PUL0390,-,TM_RS00270,WP_004082547.1,,6090 - 7179 (-),NC_000853.1:57722-58811,,-
PUL0390,-,TM_RS00275,WP_004082548.1,,7207 - 8194 (-),NC_000853.1:58839-59826,,-
PUL0390,-,TM_RS00280,WP_004082550.1,,8512 - 11692 (+),NC_000853.1:60144-63324,,3.2.1.8
PUL0390,-,TM_RS00285,WP_004082552.1,,11747 - 12287 (+),NC_000853.1:63379-63919,,-
PUL0390,-,TM_RS00290,WP_004082554.1,,12333 - 12780 (-),NC_000853.1:63965-64412,,-
PUL0390,uxaC,TM_RS00295,WP_004082556.1,,12791 - 14147 (-),NC_000853.1:64423-65779,,5.3.1.12
PUL0390,-,TM_RS00300,WP_004082558.1,,14248 - 14989 (+),NC_000853.1:65880-66621,,-
PUL0390,-,TM_RS00305,WP_004082560.1,,15057 - 15669 (+),NC_000853.1:66689-67301,,-
PUL0390,-,TM_RS00310,WP_004082562.1,,15665 - 16685 (+),NC_000853.1:67297-68317,,-
PUL0390,uxuB,TM_RS00315,WP_004082564.1,,16697 - 18317 (+),NC_000853.1:68329-69949,,1.1.1.57
PUL0390,uxuA,TM_RS00320,WP_004082566.1,,18313 - 19396 (+),NC_000853.1:69945-71028,,4.2.1.8
PUL0390,-,TM_RS00325,WP_004082568.1,,19417 - 20461 (-),NC_000853.1:71049-72093,,-
PUL0390,-,TM_RS00330,WP_004082579.1,,20680 - 22558 (+),NC_000853.1:72312-74190,,-
PUL0390,-,TM_RS00335,WP_004082581.1,,22634 - 23642 (+),NC_000853.1:74266-75274,,-
PUL0390,-,TM_RS00340,WP_004082583.1,,23658 - 24513 (+),NC_000853.1:75290-76145,,-
PUL0390,-,TM_RS00345,WP_041426669.1,,24514 - 25522 (+),NC_000853.1:76146-77154,,-
PUL0390,-,TM_RS00350,WP_004082591.1,,25508 - 26471 (+),NC_000853.1:77140-78103,,-
PUL0390,-,TM_RS00355,WP_004082594.1,,26508 - 28845 (+),NC_000853.1:78140-80477,,3.2.1.21
PUL0390,-,TM_RS00360,WP_004082599.1,,28849 - 29827 (+),NC_000853.1:80481-81459,,-
PUL0392,-,BXY_46530,CBK69512.1,,0 - 2475 (-),FP929033.1:5671246-5673721,,-
PUL0392,-,BXY_46540,CBK69513.1,,2506 - 3934 (-),FP929033.1:5673752-5675180,,-
PUL0392,-,BXY_46550,CBK69514.1,,3955 - 7549 (-),FP929033.1:5675201-5678795,,-
PUL0392,-,BXY_46570,CBK69515.1,,10108 - 10624 (-),FP929033.1:5681354-5681870,,-
PUL0392,-,BXY_46590,CBK69516.1,,12256 - 14398 (-),FP929033.1:5683502-5685644,,3.2.1.139
PUL0392,-,BXY_46610,CBK69517.1,,16655 - 18140 (-),FP929033.1:5687901-5689386,,-
PUL0392,-,BXY_46620,CBK69518.1,,18161 - 19808 (-),FP929033.1:5689407-5691054,,3.1.1.53
PUL0392,-,BXY_46630,CBK69519.1,,20253 - 22260 (-),FP929033.1:5691499-5693506,,3.2.1.41
PUL0402,xynB,lilo_1425,BAL51422.1,,0 - 1680 (-),AP012281.1:1563593-1565273,,-
PUL0402,xynT,lilo_1426,BAL51423.1,,1704 - 3189 (-),AP012281.1:1565297-1566782,,-
PUL0402,xylM,lilo_1427,BAL51424.1,,3243 - 4248 (-),AP012281.1:1566836-1567841,,-
PUL0402,xylB,lilo_1428,BAL51425.1,,4250 - 5756 (-),AP012281.1:1567843-1569349,,-
PUL0402,xylA,lilo_1429,BAL51426.1,,5822 - 7142 (-),AP012281.1:1569415-1570735,,-
PUL0402,xylR,lilo_1430,BAL51427.1,,7246 - 8206 (+),AP012281.1:1570839-1571799,,-
PUL0411,xynA,-,CAA89207.1,,141 - 1251 (+),Z49241.1:282-1392,,-
PUL0411,xynB,-,CAA89208.1,,1333 - 2293 (+),Z49241.1:1474-2434,,-
PUL0414,-,-,AFK83720.1,,25 - 355 (+),JN903693.1:50-380,,-
PUL0414,-,-,AFK83721.1,,423 - 1080 (-),JN903693.1:448-1105,,-
PUL0414,-,-,AFK83722.1,,1046 - 1361 (-),JN903693.1:1071-1386,,-
PUL0414,-,-,AFK83723.1,,1457 - 2057 (+),JN903693.1:1482-2082,,-
PUL0414,-,-,AFK83724.1,,2082 - 2871 (+),JN903693.1:2107-2896,,-
PUL0414,-,-,AFK83725.1,,2874 - 3963 (+),JN903693.1:2899-3988,,-
PUL0414,-,-,AFK83726.1,,3969 - 5175 (-),JN903693.1:3994-5200,,-
PUL0414,-,-,AFK83727.1,,5485 - 7804 (+),JN903693.1:5510-7829,,-
PUL0414,-,-,AFK83746.1,,7843 - 8842 (+),JN903693.1:7868-8867,,-
PUL0414,-,-,AFK83728.1,,8841 - 10059 (+),JN903693.1:8866-10084,,-
PUL0414,-,-,AFK83729.1,,10114 - 12442 (+),JN903693.1:10139-12467,,-
PUL0414,-,-,AFK83730.1,,12516 - 13656 (+),JN903693.1:12541-13681,,-
PUL0414,-,-,AFK83731.1,,13742 - 14285 (+),JN903693.1:13767-14310,,-
PUL0414,-,-,AFK83732.1,,14356 - 14947 (+),JN903693.1:14381-14972,,-
PUL0414,-,-,AFK83733.1,,15012 - 16578 (-),JN903693.1:15037-16603,,-
PUL0414,-,-,AFK83734.1,,16633 - 17557 (-),JN903693.1:16658-17582,,-
PUL0414,-,-,AFK83735.1,,17564 - 18509 (-),JN903693.1:17589-18534,,-
PUL0414,-,-,AFK83736.1,,18595 - 19927 (+),JN903693.1:18620-19952,,-
PUL0414,-,-,AFK83737.1,,19927 - 21358 (-),JN903693.1:19952-21383,,-
PUL0414,-,-,AFK83738.1,,21372 - 22515 (-),JN903693.1:21397-22540,,-
PUL0414,-,-,AFK83739.1,,22511 - 24023 (-),JN903693.1:22536-24048,,-
PUL0414,-,-,AFK83740.1,,24165 - 24633 (-),JN903693.1:24190-24658,,-
PUL0414,-,-,AFK83747.1,,24510 - 24843 (+),JN903693.1:24535-24868,,-
PUL0414,-,-,AFK83741.1,,24851 - 26114 (-),JN903693.1:24876-26139,,-
PUL0414,-,-,AFK83742.1,,26313 - 28230 (+),JN903693.1:26338-28255,,-
PUL0414,-,-,AFK83743.1,,28103 - 28763 (+),JN903693.1:28128-28788,,-
PUL0414,-,-,AFK83744.1,,28769 - 30467 (+),JN903693.1:28794-30492,,-
PUL0414,-,-,AFK83745.1,,30450 - 31062 (-),JN903693.1:30475-31087,,-
PUL0415,-,BACOVA_00557,EDO13793.1,,0 - 1731 (-),AAXF02000034.1:53978-55709,,-
PUL0415,-,BACOVA_00558,EDO13794.1,,1730 - 4475 (-),AAXF02000034.1:55708-58453,,-
PUL0415,-,BACOVA_00559,EDO13795.1,,4573 - 6649 (-),AAXF02000034.1:58551-60627,,-
PUL0415,-,BACOVA_00560,EDO13796.1,,6648 - 8973 (-),AAXF02000034.1:60626-62951,,-
PUL0456,-,PBR_RS03345,WP_008760065.1,,0 - 2566 (-),ADWO01000021.1:1-2566,,-
PUL0456,-,PBR_RS03350,WP_006281697.1,,2592 - 3966 (-),ADWO01000021.1:2593-3966,,-
PUL0456,-,PBR_RS03355,WP_006281698.1,,4100 - 5009 (+),ADWO01000021.1:4101-5009,,-
PUL0456,-,PBR_RS03360,WP_155815414.1,,5297 - 5954 (+),ADWO01000021.1:5298-5954,,-
PUL0456,-,PBR_RS02950,WP_162091544.1,,5954 - 6597 (-),ADWO01000020.1:1-641,,-
PUL0456,-,PBR_RS02955,WP_006281618.1,,6606 - 9741 (-),ADWO01000020.1:653-3787,,-
PUL0456,-,PBR_RS14860,WP_094448662.1,,10344 - 11907 (-),ADWO01000020.1:4391-6748,,-
PUL0456,-,PBR_RS02965,WP_039869720.1,,12973 - 17080 (+),ADWO01000020.1:7059-11126,,-
PUL0456,-,PBR_RS02970,WP_006281621.1,,17228 - 18188 (-),ADWO01000020.1:11275-12234,,-
PUL0456,-,PBR_RS02975,WP_039869723.1,,18270 - 19380 (-),ADWO01000020.1:12317-13393,,-
PUL0456,-,PBR_RS02980,WP_006281623.1,,19411 - 20809 (-),ADWO01000020.1:13458-14855,,-
PUL0456,-,PBR_RS02985,WP_039869725.1,,20811 - 21996 (-),ADWO01000020.1:14858-16015,,-
PUL0456,-,PBR_RS02990,WP_006281625.1,,22260 - 24150 (+),ADWO01000020.1:16307-18196,,-
PUL0457,-,A33G_RS0103395,WP_017261046.1,,17308 - 17869 (+),NZ_AKZK01000039.1:34616-35177,,-
PUL0457,-,A33G_RS0103400,WP_017261047.1,,17974 - 19030 (-),NZ_AKZK01000039.1:35282-36338,,-
PUL0457,-,A33G_RS0103405,WP_017261048.1,,19123 - 20752 (-),NZ_AKZK01000039.1:36431-38060,,-
PUL0457,-,A33G_RS0103410,WP_017261049.1,,20798 - 22259 (-),NZ_AKZK01000039.1:38106-39567,,-
PUL0457,-,A33G_RS0103415,WP_017261050.1,,22393 - 23788 (-),NZ_AKZK01000039.1:39701-41096,,-
PUL0457,xylA,A33G_RS0103420,WP_017261051.1,,24176 - 25517 (+),NZ_AKZK01000039.1:41484-42825,,5.3.1.5
PUL0457,xylB,A33G_RS0103425,WP_017261052.1,,25651 - 27154 (+),NZ_AKZK01000039.1:42959-44462,,2.7.1.17
PUL0474,-,FJOH_RS08085,WP_012023635.1,,0 - 2880 (-),NC_009441.1:1804386-1807266,,-
PUL0474,-,FJOH_RS08090,WP_012023636.1,,3224 - 6374 (+),NC_009441.1:1807610-1810760,,-
PUL0474,-,FJOH_RS08095,WP_012023637.1,,6392 - 7928 (+),NC_009441.1:1810778-1812314,,-
PUL0474,-,FJOH_RS08100,WP_012023638.1,,8149 - 9613 (+),NC_009441.1:1812535-1813999,,-
PUL0474,-,FJOH_RS08105,WP_012023639.1,,9647 - 11111 (+),NC_009441.1:1814033-1815497,,-
PUL0474,-,FJOH_RS08110,WP_012023640.1,,11144 - 13412 (+),NC_009441.1:1815530-1817798,,-
PUL0474,-,FJOH_RS08115,WP_012023641.1,,13588 - 14428 (+),NC_009441.1:1817974-1818814,,-
PUL0474,-,FJOH_RS08120,WP_012023642.1,,14429 - 15854 (+),NC_009441.1:1818815-1820240,,3.2.1.75
PUL0474,-,FJOH_RS08125,WP_012023643.1,,15865 - 18097 (+),NC_009441.1:1820251-1822483,,-
PUL0480,bglX,FJOH_RS19995,WP_012025838.1,,0 - 2280 (+),NC_009441.1:4577233-4579513,,3.2.1.21
PUL0480,-,FJOH_RS20000,WP_012025839.1,,2642 - 6797 (+),NC_009441.1:4579875-4584030,,-
PUL0480,-,FJOH_RS20005,WP_012025840.1,,7237 - 10342 (+),NC_009441.1:4584470-4587575,,-
PUL0480,-,FJOH_RS20010,WP_012025841.1,,10400 - 11924 (+),NC_009441.1:4587633-4589157,,-
PUL0480,-,FJOH_RS20015,WP_012025842.1,,11932 - 13036 (+),NC_009441.1:4589165-4590269,,-
PUL0480,-,FJOH_RS20020,WP_012025843.1,,13384 - 14776 (+),NC_009441.1:4590617-4592009,,3.2.1.8
PUL0480,-,FJOH_RS20025,WP_012025844.1,,14969 - 15884 (-),NC_009441.1:4592202-4593117,,-
PUL0480,-,FJOH_RS20030,WP_012025845.1,,16114 - 17407 (-),NC_009441.1:4593347-4594640,,-
PUL0480,-,FJOH_RS20035,WP_012025846.1,,18191 - 19652 (+),NC_009441.1:4595424-4596885,,-
PUL0508,bxlR,-,BAD02385.1,,0 - 1032 (-),AB110645.1:2693-3725,,-
PUL0508,bxlD,-,BAD02386.1,,1203 - 2514 (+),AB110645.1:3896-5207,,-
PUL0508,bxlC,-,BAD02387.1,,2531 - 3407 (+),AB110645.1:5224-6100,,-
PUL0508,bxlB,-,BAD02388.1,,3411 - 4317 (+),AB110645.1:6104-7010,,-
PUL0508,bxlA,-,BAD02389.1,,4361 - 6674 (+),AB110645.1:7054-9367,,-
PUL0520,xynT,-,AAQ62863.1,,126 - 1581 (+),AY297960.1:677-2132,,-
PUL0520,xynB,-,AAQ62864.1,,1638 - 3318 (+),AY297960.1:2189-3869,,-
PUL0533,tmoS_3,BcellWH2_00952,ALJ58214.1,,0 - 4128 (+),CP012801.1:970841-974969,,2.7.13.3
PUL0533,-,BcellWH2_00953,ALJ58215.1,,4198 - 6778 (-),CP012801.1:975039-977619,,-
PUL0533,-,BcellWH2_00954,ALJ58216.1,,7146 - 10287 (+),CP012801.1:977987-981128,,-
PUL0533,-,BcellWH2_00955,ALJ58217.1,,10330 - 12181 (+),CP012801.1:981171-983022,,-
PUL0533,-,BcellWH2_00956,ALJ58218.1,,12213 - 15039 (+),CP012801.1:983054-985880,,-
PUL0533,-,BcellWH2_00957,ALJ58219.1,,15066 - 16824 (+),CP012801.1:985907-987665,,-
PUL0533,-,BcellWH2_00958,ALJ58220.1,,16860 - 17895 (+),CP012801.1:987701-988736,,-
PUL0533,-,BcellWH2_00959,ALJ58221.1,,17929 - 20143 (+),CP012801.1:988770-990984,,-
PUL0533,xynC_1,BcellWH2_00960,ALJ58222.1,,20154 - 21795 (+),CP012801.1:990995-992636,,3.2.1.136
PUL0542,xynD,-,ABI49930.1,,237 - 1965 (+),DQ868502.2:38789-40517,,-
PUL0542,xynC,-,ABI49931.1,,1957 - 2737 (+),DQ868502.2:40509-41289,,-
PUL0542,xynE,-,ABI49932.1,,2841 - 4167 (+),DQ868502.2:41393-42719,,-
PUL0542,xynF,-,ABI49933.1,,4229 - 5099 (+),DQ868502.2:42781-43651,,-
PUL0542,xynG,-,ABI49934.1,,5113 - 5980 (+),DQ868502.2:43665-44532,,-
PUL0542,xylM,-,ABI49935.1,,6172 - 7141 (+),DQ868502.2:44724-45693,,-
PUL0542,axe1,-,ABI49936.1,,7164 - 7779 (+),DQ868502.2:45716-46331,,-
PUL0542,xynB2,-,ABI49956.1,,7858 - 9976 (+),DQ868502.2:46410-48528,,-
PUL0542,xynA2,-,ABI49937.2,,9978 - 10974 (+),DQ868502.2:48530-49526,,-
PUL0542,-,-,ABI49960.1,,11738 - 13196 (+),DQ868502.2:50290-51748,,-
PUL0542,aguF,-,ABI49938.1,,14708 - 15791 (+),DQ868502.2:53260-54343,,-
PUL0542,aguG,-,ABI49939.1,,15806 - 16697 (+),DQ868502.2:54358-55249,,-
PUL0542,aguA,-,ABI49940.1,,16714 - 18754 (+),DQ868502.2:55266-57306,,-
PUL0542,xynB1,-,ABI49941.1,,18769 - 20284 (+),DQ868502.2:57321-58836,,-
PUL0542,kdgK,-,ABI49942.1,,20315 - 21260 (+),DQ868502.2:58867-59812,,-
PUL0542,kdgA,-,ABI49943.1,,21275 - 21926 (+),DQ868502.2:59827-60478,,-
PUL0542,uxuR,-,ABI49944.1,,21990 - 22740 (+),DQ868502.2:60542-61292,,-
PUL0542,uxaC,-,ABI49945.1,,22776 - 24198 (+),DQ868502.2:61328-62750,,-
PUL0542,uxuA,-,ABI49946.1,,24205 - 25321 (+),DQ868502.2:62757-63873,,-
PUL0542,uxuB,-,ABI49947.1,,25296 - 26142 (+),DQ868502.2:63848-64694,,-
PUL0542,orfA,-,ABI49948.1,,26218 - 26863 (+),DQ868502.2:64770-65415,,-
PUL0542,orfB,-,ABI49949.1,,27134 - 27650 (+),DQ868502.2:65686-66202,,-
PUL0542,-,-,ABI49958.1,,27831 - 29085 (+),DQ868502.2:66383-67637,,-
PUL0542,orfC,-,ABI49950.1,,29077 - 29878 (+),DQ868502.2:67629-68430,,-
PUL0542,xynA,-,ABI49951.1,,30215 - 31563 (-),DQ868502.2:68767-70115,,-
PUL0542,xynX,-,ABI49952.1,,32070 - 32742 (+),DQ868502.2:70622-71294,,-
PUL0542,axe2,-,ABI49953.1,,32915 - 33575 (+),DQ868502.2:71467-72127,,-
PUL0542,xynB3,-,ABI49959.1,,33619 - 35227 (+),DQ868502.2:72171-73779,,-
PUL0542,xylA,-,ABI49954.1,,35335 - 36673 (+),DQ868502.2:73887-75225,,-
PUL0542,xylB,-,ABI49955.1,,36680 - 38189 (+),DQ868502.2:75232-76741,,-
PUL0553,-,BXY_29170,CBK67940.1,,0 - 1605 (+),FP929033.1:3588797-3590402,,-
PUL0553,-,BXY_29180,CBK67941.1,,1701 - 4287 (+),FP929033.1:3590498-3593084,,3.2.1.21
PUL0553,-,BXY_29190,CBK67942.1,,4487 - 4649 (+),FP929033.1:3593284-3593446,,-
PUL0553,-,BXY_29200,CBK67943.1,,4779 - 6447 (+),FP929033.1:3593576-3595244,,3.2.1.55
PUL0553,-,BXY_29210,CBK67944.1,,6472 - 8917 (+),FP929033.1:3595269-3597714,,-
PUL0553,-,BXY_29220,CBK67945.1,,8938 - 10915 (+),FP929033.1:3597735-3599712,,-
PUL0553,-,BXY_29230,CBK67946.1,,10934 - 12266 (+),FP929033.1:3599731-3601063,,-
PUL0553,-,BXY_29240,CBK67947.1,,12554 - 13913 (+),FP929033.1:3601351-3602710,,3.2.1.55
PUL0553,-,BXY_29250,CBK67948.1,,14033 - 17177 (+),FP929033.1:3602830-3605974,,-
PUL0553,-,BXY_29260,CBK67949.1,,17191 - 19093 (+),FP929033.1:3605988-3607890,,-
PUL0553,-,BXY_29270,CBK67950.1,,19124 - 21935 (+),FP929033.1:3607921-3610732,,-
PUL0553,-,BXY_29280,CBK67951.1,,21979 - 23737 (+),FP929033.1:3610776-3612534,,-
PUL0553,-,BXY_29290,CBK67952.1,,23775 - 24849 (+),FP929033.1:3612572-3613646,,-
PUL0553,-,BXY_29300,CBK67953.1,,24879 - 27144 (+),FP929033.1:3613676-3615941,,-
PUL0553,-,BXY_29310,CBK67954.1,,27223 - 27961 (+),FP929033.1:3616020-3616758,,-
PUL0553,-,BXY_29320,CBK67955.1,,28005 - 29964 (+),FP929033.1:3616802-3618761,,-
PUL0553,-,BXY_29330,CBK67956.1,,30088 - 31912 (+),FP929033.1:3618885-3620709,,-
PUL0553,-,BXY_29340,CBK67957.1,,31919 - 33305 (+),FP929033.1:3620716-3622102,,-
PUL0553,-,BXY_29350,CBK67958.1,,33326 - 37346 (-),FP929033.1:3622123-3626143,,-
PUL0553,-,BXY_29360,CBK67959.1,,37504 - 39940 (-),FP929033.1:3626301-3628737,,-
PUL0553,-,BXY_29370,CBK67960.1,,40649 - 43220 (-),FP929033.1:3629446-3632017,,-
PUL0592,-,Pjdr2_1318,ACS99993.1,,0 - 1569 (+),CP001656.1:1572581-1574150,,-
PUL0592,-,Pjdr2_1319,ACS99994.1,,1584 - 3303 (+),CP001656.1:1574165-1575884,,-
PUL0592,-,Pjdr2_1320,ACS99995.1,,3436 - 5149 (+),CP001656.1:1576017-1577730,,-
PUL0592,-,Pjdr2_1321,ACS99996.1,,5238 - 6210 (+),CP001656.1:1577819-1578791,,-
PUL0592,-,Pjdr2_1322,ACS99997.1,,6249 - 7170 (+),CP001656.1:1578830-1579751,,-
PUL0592,-,Pjdr2_1323,ACS99998.1,,7266 - 9330 (+),CP001656.1:1579847-1581911,,3.2.1.139
PUL0592,-,Pjdr2_1324,ACS99999.1,,9357 - 10383 (+),CP001656.1:1581938-1582964,,3.2.1.8
PUL0592,-,Pjdr2_1325,ACT00001.1,,10379 - 11945 (+),CP001656.1:1582960-1584526,,3.2.1.37
PUL0594,-,Pjdr2_3596,ACT02228.1,,0 - 1791 (-),CP001656.1:4094827-4096618,,-
PUL0594,-,Pjdr2_3597,ACT02229.1,,1796 - 3116 (-),CP001656.1:4096623-4097943,,-
PUL0594,-,Pjdr2_3598,ACT02230.1,,3364 - 4264 (-),CP001656.1:4098191-4099091,,-
PUL0594,-,Pjdr2_3599,ACT02231.1,,4402 - 5914 (+),CP001656.1:4099229-4100741,,3.2.1.55
PUL0598,-,Clocel_0589,ADL50360.1,,0 - 2310 (+),CP002160.1:731364-733674,,3.2.1.51
PUL0598,-,Clocel_0590,ADL50361.1,,2412 - 3732 (+),CP002160.1:733776-735096,,5.3.1.5
PUL0598,-,Clocel_0591,ADL50362.1,,3891 - 4539 (+),CP002160.1:735255-735903,,-
PUL0598,-,Clocel_0592,ADL50363.1,,4554 - 6045 (+),CP002160.1:735918-737409,,-
PUL0599,-,Clocel_2592,ADL52302.1,,0 - 810 (-),CP002160.1:3141436-3142246,,-
PUL0599,-,Clocel_2593,ADL52303.1,,813 - 2610 (-),CP002160.1:3142249-3144046,,-
PUL0599,-,Clocel_2594,ADL52304.1,,2620 - 3889 (-),CP002160.1:3144056-3145325,,-
PUL0599,-,Clocel_2595,ADL52305.1,,4122 - 5709 (-),CP002160.1:3145558-3147145,,3.2.1.37
PUL0599,-,Clocel_2596,ADL52306.1,,5780 - 6806 (-),CP002160.1:3147216-3148242,,-
PUL0599,-,Clocel_2597,ADL52307.1,,6861 - 7893 (-),CP002160.1:3148297-3149329,,-
PUL0599,-,Clocel_2598,ADL52308.1,,7895 - 9389 (-),CP002160.1:3149331-3150825,,-
PUL0602,-,Geoth_2242,AEH48175.1,,0 - 1500 (-),CP002835.1:2158671-2160171,,-
PUL0602,-,Geoth_2243,AEH48176.1,,1518 - 2844 (-),CP002835.1:2160189-2161515,,5.3.1.5
PUL0602,-,Geoth_2246,AEH48177.1,,5616 - 6279 (-),CP002835.1:2164287-2164950,,-
PUL0602,-,Geoth_2247,AEH48178.1,,6321 - 7116 (-),CP002835.1:2164992-2165787,,-
PUL0602,-,Geoth_2250,AEH48179.1,,9318 - 10557 (+),CP002835.1:2167989-2169228,,3.2.1.8
PUL0602,-,Geoth_2251,AEH48180.1,,10627 - 11272 (-),CP002835.1:2169298-2169943,,-
PUL0602,-,Geoth_2252,AEH48181.1,,11492 - 12338 (-),CP002835.1:2170163-2171009,,1.1.1.100
PUL0602,-,Geoth_2253,AEH48182.1,,12313 - 13429 (-),CP002835.1:2170984-2172100,,4.2.1.8
PUL0602,-,Geoth_2254,AEH48183.1,,13447 - 14851 (-),CP002835.1:2172118-2173522,,5.3.1.12
PUL0602,-,Geoth_2255,AEH48184.1,,14883 - 15582 (-),CP002835.1:2173554-2174253,,-
PUL0602,-,Geoth_2256,AEH48185.1,,15714 - 16365 (-),CP002835.1:2174385-2175036,,-
PUL0602,-,Geoth_2257,AEH48186.1,,16384 - 17338 (-),CP002835.1:2175055-2176009,,2.7.1.45
PUL0602,-,Geoth_2258,AEH48187.1,,17401 - 18913 (-),CP002835.1:2176072-2177584,,3.2.1.37
PUL0602,-,Geoth_2259,AEH48188.1,,18928 - 20980 (-),CP002835.1:2177599-2179651,,3.2.1.139
PUL0602,-,Geoth_2260,AEH48189.1,,20995 - 21886 (-),CP002835.1:2179666-2180557,,-
PUL0602,-,Geoth_2261,AEH48190.1,,21899 - 22847 (-),CP002835.1:2180570-2181518,,-
PUL0602,-,Geoth_2262,AEH48191.1,,22964 - 24611 (-),CP002835.1:2181635-2183282,,-
PUL0602,-,Geoth_2264,AEH48192.1,,26774 - 27770 (-),CP002835.1:2185445-2186441,,3.2.1.8
PUL0602,-,Geoth_2265,AEH48193.1,,27772 - 29890 (-),CP002835.1:2186443-2188561,,3.2.1.37
PUL0602,-,Geoth_2266,AEH48194.1,,30054 - 30675 (-),CP002835.1:2188725-2189346,,-
PUL0602,-,Geoth_2267,AEH48195.1,,30690 - 31740 (-),CP002835.1:2189361-2190411,,5.1.3.3
PUL0602,-,Geoth_2268,AEH48196.1,,32086 - 32953 (-),CP002835.1:2190757-2191624,,-
PUL0602,-,Geoth_2269,AEH48197.1,,32970 - 33837 (-),CP002835.1:2191641-2192508,,-
PUL0602,-,Geoth_2270,AEH48198.1,,34001 - 35324 (-),CP002835.1:2192672-2193995,,-
PUL0602,-,Geoth_2271,AEH48199.1,,35436 - 36225 (-),CP002835.1:2194107-2194896,,-
PUL0602,-,Geoth_2272,AEH48200.1,,36224 - 38030 (-),CP002835.1:2194895-2196701,,-
PUL0610,-,Rmar_1067,ACY47959.1,,0 - 1050 (+),CP001807.1:1220087-1221137,,-
PUL0610,-,Rmar_1068,ACY47960.1,,1476 - 3870 (+),CP001807.1:1221563-1223957,,-
PUL0610,-,Rmar_1069,ACY47961.1,,4025 - 7019 (+),CP001807.1:1224112-1227106,,-
PUL0610,-,Rmar_1070,ACY47962.1,,7064 - 10040 (+),CP001807.1:1227151-1230127,,-
PUL0610,-,Rmar_1071,ACY47963.1,,10072 - 12079 (+),CP001807.1:1230159-1232166,,-
PUL0610,-,Rmar_1072,ACY47964.1,,12182 - 13955 (+),CP001807.1:1232269-1234042,,-
PUL0610,-,Rmar_1073,ACY47965.1,,13977 - 15684 (+),CP001807.1:1234064-1235771,,-
PUL0610,-,Rmar_1074,ACY47966.1,,15959 - 17456 (+),CP001807.1:1236046-1237543,,-
PUL0610,-,Rmar_1075,ACY47967.1,,17496 - 18060 (+),CP001807.1:1237583-1238147,,-
PUL0610,-,Rmar_1076,ACY47968.1,,18135 - 19179 (+),CP001807.1:1238222-1239266,,-
PUL0610,-,Rmar_1077,ACY47969.1,,19250 - 22694 (+),CP001807.1:1239337-1242781,,-
PUL0610,-,Rmar_1078,ACY47970.1,,22740 - 24270 (+),CP001807.1:1242827-1244357,,-
PUL0610,-,Rmar_1079,ACY47971.1,,24403 - 26584 (+),CP001807.1:1244490-1246671,,3.2.1.139
PUL0610,-,Rmar_1080,ACY47972.1,,26647 - 29026 (+),CP001807.1:1246734-1249113,,-
PUL0610,-,Rmar_1081,ACY47973.1,,29085 - 31440 (+),CP001807.1:1249172-1251527,,-
PUL0617,-,HPS57_08475,NPD82008.1,,0 - 1929 (-),JABKKG010000005.1:106573-108502,,-
PUL0617,-,HPS57_08480,NPD82009.1,,2115 - 3312 (+),JABKKG010000005.1:108688-109885,,-
PUL0617,-,HPS57_08485,NPD82010.1,,3402 - 4809 (+),JABKKG010000005.1:109975-111382,,-
PUL0617,-,HPS57_08490,NPD82011.1,,4805 - 5933 (+),JABKKG010000005.1:111378-112506,,-
PUL0617,-,HPS57_08495,NPD82012.1,,6046 - 7018 (+),JABKKG010000005.1:112619-113591,,-
PUL0617,-,HPS57_08500,NPD82013.1,,7314 - 9384 (-),JABKKG010000005.1:113887-115957,,-
PUL0617,-,HPS57_08505,NPD82014.1,,9578 - 10517 (-),JABKKG010000005.1:116151-117090,,-
PUL0617,-,HPS57_08510,NPD82015.1,,10545 - 11811 (-),JABKKG010000005.1:117118-118384,,-
PUL0617,-,HPS57_08515,NPD82016.1,,11945 - 14096 (-),JABKKG010000005.1:118518-120669,,-
PUL0617,-,HPS57_08520,NPD82017.1,,14112 - 15123 (-),JABKKG010000005.1:120685-121696,,-
PUL0617,-,HPS57_08525,NPD82018.1,,15189 - 16992 (-),JABKKG010000005.1:121762-123565,,-
PUL0617,-,HPS57_08530,NPD82019.1,,17033 - 19886 (-),JABKKG010000005.1:123606-126459,,-
PUL0617,-,HPS57_08535,NPD82020.1,,20015 - 21965 (-),JABKKG010000005.1:126588-128538,,-
PUL0617,-,HPS57_08540,NPD82021.1,,21997 - 25099 (-),JABKKG010000005.1:128570-131672,,-
PUL0619,-,HPS55_08870,NPE14436.1,,0 - 3258 (+),JABKKE010000013.1:76512-79770,,-
PUL0619,-,HPS55_08875,NPE14437.1,,3289 - 4924 (+),JABKKE010000013.1:79801-81436,,-
PUL0619,-,HPS55_08880,NPE14438.1,,4954 - 6817 (+),JABKKE010000013.1:81466-83329,,-
PUL0619,-,HPS55_08885,NPE14439.1,,6985 - 7807 (+),JABKKE010000013.1:83497-84319,,-
PUL0619,-,HPS55_08890,NPE14440.1,,8113 - 10516 (+),JABKKE010000013.1:84625-87028,,-
PUL0620,-,HPS55_09945,NPE14635.1,,0 - 3660 (+),JABKKE010000016.1:24466-28126,,-
PUL0620,-,HPS55_09950,NPE14636.1,,4472 - 4709 (+),JABKKE010000016.1:28938-29175,,-
PUL0620,-,HPS55_09955,NPE14637.1,,5109 - 8640 (+),JABKKE010000016.1:29575-33106,,-
PUL0620,-,HPS55_09960,NPE14638.1,,8780 - 13073 (+),JABKKE010000016.1:33246-37539,,-
PUL0620,-,HPS55_09965,NPE14639.1,,13117 - 15775 (+),JABKKE010000016.1:37583-40241,,-
PUL0620,-,HPS55_09970,NPE14640.1,,15784 - 19153 (+),JABKKE010000016.1:40250-43619,,-
PUL0620,-,HPS55_09975,NPE14641.1,,19185 - 21009 (+),JABKKE010000016.1:43651-45475,,-
PUL0620,-,HPS55_09980,NPE14642.1,,21058 - 23149 (+),JABKKE010000016.1:45524-47615,,-
PUL0620,-,HPS55_09985,NPE14643.1,,23320 - 25099 (+),JABKKE010000016.1:47786-49565,,-
PUL0620,-,HPS55_09990,NPE14644.1,,25134 - 28377 (+),JABKKE010000016.1:49600-52843,,-
PUL0622,-,HPS55_11495,NPE14934.1,,0 - 1419 (-),JABKKE010000021.1:12378-13797,,-
PUL0622,-,HPS55_11500,NPE14935.1,,1527 - 3105 (-),JABKKE010000021.1:13905-15483,,-
PUL0622,-,HPS55_11505,NPE14936.1,,3594 - 6867 (-),JABKKE010000021.1:15972-19245,,-
PUL0622,-,HPS55_11510,NPE14937.1,,6869 - 8612 (-),JABKKE010000021.1:19247-20990,,-
PUL0622,-,HPS55_11515,NPE14938.1,,8642 - 10769 (-),JABKKE010000021.1:21020-23147,,-
PUL0622,-,HPS55_11520,NPE14939.1,,10790 - 12533 (-),JABKKE010000021.1:23168-24911,,-
PUL0622,-,HPS55_11525,NPE14940.1,,12568 - 15961 (-),JABKKE010000021.1:24946-28339,,-
PUL0622,-,HPS55_11530,NPE14941.1,,15973 - 18892 (-),JABKKE010000021.1:28351-31270,,-
PUL0622,-,HPS55_11535,NPE14942.1,,19178 - 19796 (-),JABKKE010000021.1:31556-32174,,-
PUL0622,-,HPS55_11540,NPE14943.1,,19882 - 22498 (-),JABKKE010000021.1:32260-34876,,-
PUL0622,-,HPS55_11545,NPE14944.1,,22720 - 27238 (-),JABKKE010000021.1:35098-39616,,-
PUL0622,-,HPS55_11550,NPE14945.1,,27774 - 30366 (+),JABKKE010000021.1:40152-42744,,-
PUL0622,-,HPS55_11555,-,,30368 - 31691 (+),JABKKE010000021.1:42746-44069,,-
PUL0622,-,HPS55_11560,NPE14946.1,,32393 - 33836 (+),JABKKE010000021.1:44771-46214,,-
PUL0622,-,HPS55_11565,NPE14947.1,,34117 - 36730 (+),JABKKE010000021.1:46495-49108,,-
PUL0622,-,HPS55_11570,NPE14948.1,,36973 - 39952 (+),JABKKE010000021.1:49351-52330,,-
PUL0624,-,HPS56_01555,NPD91058.1,,0 - 1143 (+),JABKKF010000001.1:437271-438414,,-
PUL0624,-,HPS56_01560,NPD91059.1,,1611 - 5211 (+),JABKKF010000001.1:438882-442482,,-
PUL0624,-,HPS56_01565,NPD91060.1,,5309 - 9560 (+),JABKKF010000001.1:442580-446831,,-
PUL0624,-,HPS56_01570,NPD91061.1,,9575 - 12287 (+),JABKKF010000001.1:446846-449558,,-
PUL0624,-,HPS56_01575,NPD91062.1,,12363 - 15657 (+),JABKKF010000001.1:449634-452928,,-
PUL0624,-,HPS56_01580,NPD91063.1,,15672 - 17397 (+),JABKKF010000001.1:452943-454668,,-
PUL0624,-,HPS56_01585,NPD91064.1,,17433 - 19506 (+),JABKKF010000001.1:454704-456777,,-
PUL0624,-,HPS56_01590,NPD91065.1,,19530 - 21225 (+),JABKKF010000001.1:456801-458496,,-
PUL0624,-,HPS56_01595,NPD91066.1,,21258 - 24543 (+),JABKKF010000001.1:458529-461814,,-
PUL0624,-,HPS56_01600,NPD91067.1,,24564 - 26331 (+),JABKKF010000001.1:461835-463602,,-
PUL0624,-,HPS56_01605,NPD91068.1,,26371 - 30040 (+),JABKKF010000001.1:463642-467311,,-
PUL0625,-,HPS56_11565,NPD92966.1,,0 - 1650 (-),JABKKF010000013.1:29296-30946,,-
PUL0625,-,HPS56_11570,NPD92967.1,,1710 - 4212 (-),JABKKF010000013.1:31006-33508,,-
PUL0625,-,HPS56_11575,NPD92968.1,,4226 - 6323 (-),JABKKF010000013.1:33522-35619,,-
PUL0625,-,HPS56_11580,NPD92969.1,,6359 - 8264 (-),JABKKF010000013.1:35655-37560,,-
PUL0625,-,HPS56_11585,NPD92970.1,,8318 - 9689 (-),JABKKF010000013.1:37614-38985,,-
PUL0625,-,HPS56_11590,NPD92971.1,,9695 - 11561 (-),JABKKF010000013.1:38991-40857,,-
PUL0625,-,HPS56_11595,NPD92972.1,,11576 - 14033 (-),JABKKF010000013.1:40872-43329,,-
PUL0625,-,HPS56_11600,NPD92973.1,,14042 - 16565 (-),JABKKF010000013.1:43338-45861,,-
PUL0625,-,HPS56_11605,-,,17707 - 19258 (-),JABKKF010000013.1:47003-48554,,-
PUL0625,-,HPS56_11610,NPD92974.1,,19439 - 22811 (-),JABKKF010000013.1:48735-52107,,-
PUL0625,-,HPS56_11615,NPD92975.1,,23318 - 27197 (-),JABKKF010000013.1:52614-56493,,-
PUL0625,-,HPS56_11620,NPD92976.1,,27591 - 28833 (-),JABKKF010000013.1:56887-58129,,-
PUL0625,-,HPS56_11625,NPD92977.1,,28861 - 30370 (-),JABKKF010000013.1:58157-59666,,-
PUL0625,-,HPS56_11630,NPD92978.1,,30366 - 32043 (-),JABKKF010000013.1:59662-61339,,-
PUL0625,-,HPS56_11635,NPD92979.1,,32052 - 35208 (-),JABKKF010000013.1:61348-64504,,-
PUL0625,-,HPS56_11640,NPD92980.1,,35207 - 36827 (-),JABKKF010000013.1:64503-66123,,-
PUL0625,-,HPS56_11645,NPD92981.1,,36867 - 38796 (-),JABKKF010000013.1:66163-68092,,-
PUL0625,-,HPS56_11650,NPD92982.1,,38827 - 40513 (-),JABKKF010000013.1:68123-69809,,-
PUL0625,-,HPS56_11655,NPD92983.1,,40524 - 43779 (-),JABKKF010000013.1:69820-73075,,-
PUL0630,-,BN138_221,CCO21033.1,,0 - 3204 (+),HF548280.1:18604-21808,,-
PUL0630,-,BN138_222,CCO21034.1,,3219 - 4896 (+),HF548280.1:21823-23500,,-
PUL0630,-,BN138_223,CCO21035.1,,4917 - 6231 (+),HF548280.1:23521-24835,,-
PUL0630,-,BN138_224,CCO21036.1,,6227 - 8558 (+),HF548280.1:24831-27162,,-
PUL0630,-,BN138_225,CCO21037.1,,8714 - 11087 (+),HF548280.1:27318-29691,,-
PUL0630,-,BN138_226,CCO21038.1,,11083 - 13609 (+),HF548280.1:29687-32213,,-
PUL0630,-,BN138_227,CCO21039.1,,13623 - 15042 (+),HF548280.1:32227-33646,,-
PUL0630,-,BN138_228,CCO21040.1,,15046 - 16177 (+),HF548280.1:33650-34781,,-
PUL0630,-,BN138_229,CCO21041.1,,16184 - 17141 (+),HF548280.1:34788-35745,,-
PUL0648,-,HMPREF9456_RS11100,WP_026177106.1,,0 - 2208 (-),NZ_GL892007.1:234463-236671,,-
PUL0648,-,HMPREF9456_RS11105,WP_006843625.1,,2238 - 3279 (-),NZ_GL892007.1:236701-237742,,-
PUL0648,-,HMPREF9456_RS11110,WP_006843626.1,,3314 - 5120 (-),NZ_GL892007.1:237777-239583,,-
PUL0648,-,HMPREF9456_RS11115,WP_006843627.1,,5134 - 7972 (-),NZ_GL892007.1:239597-242435,,-
PUL0648,-,HMPREF9456_RS11120,WP_006843628.1,,8015 - 9959 (-),NZ_GL892007.1:242478-244422,,-
PUL0648,-,HMPREF9456_RS11125,WP_006843629.1,,9970 - 13114 (-),NZ_GL892007.1:244433-247577,,-
PUL0648,-,HMPREF9456_RS11130,WP_006843630.1,,13668 - 15393 (-),NZ_GL892007.1:248131-249856,,-
PUL0648,-,HMPREF9456_RS11135,WP_006843631.1,,15676 - 16648 (-),NZ_GL892007.1:250139-251111,,-
PUL0648,-,HMPREF9456_RS11140,WP_018075007.1,,16655 - 17786 (-),NZ_GL892007.1:251118-252249,,-
PUL0648,-,HMPREF9456_RS11145,WP_006843634.1,,18577 - 22546 (+),NZ_GL892007.1:253040-257009,,2.7.13.3
PUL0648,-,HMPREF9456_RS11150,WP_006843635.1,,22793 - 24821 (+),NZ_GL892007.1:257256-259284,,2.2.1.-
PUL0648,-,HMPREF9456_RS11155,WP_006843636.1,,24932 - 27296 (+),NZ_GL892007.1:259395-261759,,-
PUL0648,-,HMPREF9456_RS11160,WP_006843637.1,,27392 - 28094 (-),NZ_GL892007.1:261855-262557,,-
PUL0648,-,HMPREF9456_RS11165,WP_006843638.1,,28396 - 29548 (-),NZ_GL892007.1:262859-264011,,-
PUL0648,-,HMPREF9456_RS11170,WP_006843639.1,,29568 - 30852 (-),NZ_GL892007.1:264031-265315,,-
PUL0648,-,HMPREF9456_RS11175,WP_006843640.1,,30865 - 31714 (-),NZ_GL892007.1:265328-266177,,-
PUL0648,-,HMPREF9456_RS11180,WP_006843641.1,,31772 - 33128 (-),NZ_GL892007.1:266235-267591,,-
PUL0648,-,HMPREF9456_RS11185,WP_006843642.1,,33148 - 34483 (-),NZ_GL892007.1:267611-268946,,-
PUL0648,-,HMPREF9456_RS11190,WP_006843643.1,,34491 - 36432 (-),NZ_GL892007.1:268954-270895,,-
PUL0648,-,HMPREF9456_RS11195,WP_006843644.1,,36464 - 38912 (-),NZ_GL892007.1:270927-273375,,-
PUL0648,-,HMPREF9456_RS11200,WP_026177140.1,,39047 - 42923 (-),NZ_GL892007.1:273510-277386,,2.7.13.3
PUL0648,-,HMPREF9456_RS11205,WP_018075106.1,,43307 - 43895 (+),NZ_GL892007.1:277770-278358,,-
PUL0648,-,HMPREF9456_RS11210,WP_006843647.1,,44040 - 46473 (-),NZ_GL892007.1:278503-280936,,-
PUL0648,-,HMPREF9456_RS11215,WP_006843648.1,,46512 - 47469 (-),NZ_GL892007.1:280975-281932,,-
PUL0648,-,HMPREF9456_RS11220,WP_006843649.1,,47594 - 49565 (-),NZ_GL892007.1:282057-284028,,-
PUL0648,-,HMPREF9456_RS11225,WP_006843651.1,,49667 - 51215 (-),NZ_GL892007.1:284130-285678,,-
PUL0648,-,HMPREF9456_RS11230,WP_006843652.1,,52025 - 54545 (+),NZ_GL892007.1:286488-289008,,-
PUL0648,-,HMPREF9456_RS11235,WP_006843653.1,,54556 - 56488 (+),NZ_GL892007.1:289019-290951,,-
PUL0648,-,HMPREF9456_RS11240,WP_006843654.1,,56500 - 57913 (+),NZ_GL892007.1:290963-292376,,-
PUL0648,-,HMPREF9456_RS11245,WP_006843655.1,,57938 - 59090 (+),NZ_GL892007.1:292401-293553,,-
PUL0648,-,HMPREF9456_RS11250,WP_006843656.1,,59111 - 60086 (+),NZ_GL892007.1:293574-294549,,-
PUL0648,-,HMPREF9456_RS11255,WP_006843657.1,,60189 - 62220 (+),NZ_GL892007.1:294652-296683,,-
PUL0648,uxuA,HMPREF9456_RS11260,WP_006843658.1,,62227 - 63400 (+),NZ_GL892007.1:296690-297863,,4.2.1.8
PUL0648,-,HMPREF9456_RS11265,WP_006843659.1,,63396 - 64236 (+),NZ_GL892007.1:297859-298699,,-
PUL0648,-,HMPREF9456_RS11270,WP_006843660.1,,64558 - 68566 (-),NZ_GL892007.1:299021-303029,,-
PUL0648,-,HMPREF9456_RS11275,WP_006843661.1,,69348 - 72540 (+),NZ_GL892007.1:303811-307003,,-
PUL0648,-,HMPREF9456_RS11280,WP_006843662.1,,72559 - 74635 (+),NZ_GL892007.1:307022-309098,,-
PUL0669,-,HMPREF1016_RS10680,WP_004294234.1,,0 - 1710 (+),NZ_GL622542.1:196589-198299,,-
PUL0669,-,HMPREF1016_RS10685,WP_004294235.1,,1753 - 3385 (+),NZ_GL622542.1:198342-199974,,-
PUL0669,-,HMPREF1016_RS10690,WP_004289614.1,,3430 - 4927 (+),NZ_GL622542.1:200019-201516,,-
PUL0669,-,HMPREF1016_RS10695,WP_004294236.1,,5016 - 5988 (+),NZ_GL622542.1:201605-202577,,-
PUL0669,-,HMPREF1016_RS10700,WP_017141108.1,,6121 - 8077 (+),NZ_GL622542.1:202710-204666,,-
PUL0669,-,HMPREF1016_RS10705,WP_004294238.1,,8357 - 12455 (+),NZ_GL622542.1:204946-209044,,-
PUL0669,-,HMPREF1016_RS10710,WP_004294239.1,,12530 - 15113 (-),NZ_GL622542.1:209119-211702,,-
PUL0669,-,HMPREF1016_RS10715,WP_232286955.1,,15204 - 17355 (-),NZ_GL622542.1:211793-213944,,-
PUL0669,-,HMPREF1016_RS20970,WP_232286957.1,,17344 - 18457 (-),NZ_GL622542.1:213933-215046,,-
PUL0669,-,HMPREF1016_RS19820,WP_004294240.1,,18481 - 20923 (-),NZ_GL622542.1:215070-217512,,-
PUL0669,-,HMPREF1016_RS10725,WP_004294241.1,,20986 - 22933 (-),NZ_GL622542.1:217575-219522,,-
PUL0669,-,HMPREF1016_RS10730,WP_004294242.1,,23176 - 26284 (+),NZ_GL622542.1:219765-222873,,-
PUL0669,-,HMPREF1016_RS10735,WP_004289604.1,,26545 - 28999 (+),NZ_GL622542.1:223134-225588,,-
PUL0669,-,HMPREF1016_RS10740,WP_050793236.1,,29062 - 31504 (-),NZ_GL622542.1:225651-228093,,-
PUL0669,-,HMPREF1016_RS10745,WP_029429358.1,,31547 - 32696 (-),NZ_GL622542.1:228136-229285,,-
PUL0669,-,HMPREF1016_RS10750,WP_004289601.1,,33007 - 33646 (-),NZ_GL622542.1:229596-230235,,-
PUL0669,-,HMPREF1016_RS10755,WP_017141103.1,,33660 - 34029 (-),NZ_GL622542.1:230249-230618,,-
PUL0669,-,HMPREF1016_RS10760,WP_004289599.1,,34339 - 34867 (+),NZ_GL622542.1:230928-231456,,-
PUL0669,-,HMPREF1016_RS10765,WP_004289598.1,,34907 - 36896 (-),NZ_GL622542.1:231496-233485,,-
PUL0669,-,HMPREF1016_RS10770,WP_004294246.1,,37000 - 39160 (-),NZ_GL622542.1:233589-235749,,-
PUL0669,-,HMPREF1016_RS10775,WP_004289596.1,,39171 - 40218 (-),NZ_GL622542.1:235760-236807,,-
PUL0669,-,HMPREF1016_RS10780,WP_004289595.1,,40247 - 42056 (-),NZ_GL622542.1:236836-238645,,-
PUL0669,-,HMPREF1016_RS10785,WP_029429356.1,,42072 - 44937 (-),NZ_GL622542.1:238661-241526,,-
PUL0669,-,HMPREF1016_RS10790,WP_004294248.1,,44981 - 46925 (-),NZ_GL622542.1:241570-243514,,-
PUL0669,-,HMPREF1016_RS10795,WP_004289592.1,,46936 - 50092 (-),NZ_GL622542.1:243525-246681,,-
PUL0669,-,HMPREF1016_RS10800,WP_004289591.1,,50363 - 52097 (-),NZ_GL622542.1:246952-248686,,-
PUL0682,-,HUK06_02115,MCF0243542.1,,0 - 1944 (-),JABUUE010000008.1:60606-62550,,-
PUL0682,-,HUK06_02120,MCF0243543.1,,2020 - 4570 (-),JABUUE010000008.1:62626-65176,,-
PUL0682,-,HUK06_02125,MCF0243544.1,,4759 - 6481 (-),JABUUE010000008.1:65365-67087,,-
PUL0694,-,ATHE_RS00855,WP_041726955.1,,0 - 2865 (+),NC_012034.1:212375-215240,,-
PUL0694,-,ATHE_RS00860,WP_013431286.1,,2917 - 3811 (+),NC_012034.1:215292-216186,,-
PUL0694,-,ATHE_RS00865,WP_041727298.1,,3865 - 4714 (+),NC_012034.1:216240-217089,,-
PUL0694,-,ATHE_RS00870,WP_015906802.1,,4743 - 6894 (+),NC_012034.1:217118-219269,,-
PUL0694,-,ATHE_RS00875,WP_015906803.1,,6921 - 9123 (+),NC_012034.1:219296-221498,,-
PUL0694,-,ATHE_RS00880,WP_015906804.1,,9130 - 10051 (+),NC_012034.1:221505-222426,,-
PUL0694,-,ATHE_RS00885,WP_015906805.1,,10080 - 11100 (+),NC_012034.1:222455-223475,,-
PUL0694,-,ATHE_RS00890,WP_013431280.1,,11174 - 12962 (+),NC_012034.1:223549-225337,,-
PUL0694,-,ATHE_RS00895,WP_015906806.1,,13067 - 17084 (+),NC_012034.1:225442-229459,,-
PUL0694,-,ATHE_RS00900,WP_015906807.1,,17100 - 19194 (+),NC_012034.1:229475-231569,,-
PUL0694,-,ATHE_RS00905,WP_015906808.1,,19236 - 20742 (+),NC_012034.1:231611-233117,,-
PUL0694,-,ATHE_RS00910,WP_015906809.1,,20761 - 21775 (+),NC_012034.1:233136-234150,,3.2.1.8
PUL0694,-,ATHE_RS00915,WP_015906810.1,,21822 - 22620 (+),NC_012034.1:234197-234995,,3.-.-.-
PUL0694,-,ATHE_RS00920,WP_015906811.1,,22709 - 23876 (+),NC_012034.1:235084-236251,,-
PUL0695,-,ATHE_RS03060,WP_015907191.1,,0 - 1308 (+),NC_012034.1:697213-698521,,-
PUL0695,-,ATHE_RS03065,WP_015907192.1,,1439 - 2330 (+),NC_012034.1:698652-699543,,-
PUL0695,-,ATHE_RS03070,WP_015907193.1,,2367 - 3195 (+),NC_012034.1:699580-700408,,-
PUL0695,-,ATHE_RS03075,WP_015907194.1,,3287 - 4487 (+),NC_012034.1:700500-701700,,-
PUL0695,-,ATHE_RS03080,WP_015907195.1,,4501 - 6571 (+),NC_012034.1:701714-703784,,-
PUL0696,-,ATHE_RS04240,WP_015907390.1,,0 - 1671 (+),NC_012034.1:939000-940671,,-
PUL0696,-,ATHE_RS04245,WP_015907391.1,,1781 - 2867 (+),NC_012034.1:940781-941867,,-
PUL0696,-,ATHE_RS04250,WP_015907392.1,,3006 - 4683 (+),NC_012034.1:942006-943683,,-
PUL0696,-,ATHE_RS04255,WP_015907393.1,,4805 - 5744 (+),NC_012034.1:943805-944744,,-
PUL0696,-,ATHE_RS04260,WP_013430735.1,,5777 - 6677 (+),NC_012034.1:944777-945677,,-
PUL0696,-,ATHE_RS04265,WP_015907394.1,,6794 - 8627 (+),NC_012034.1:945794-947627,,2.7.13.3
PUL0696,-,ATHE_RS04270,WP_015907395.1,,8649 - 10179 (+),NC_012034.1:947649-949179,,-
PUL0696,-,ATHE_RS04275,WP_015907396.1,,10238 - 12320 (+),NC_012034.1:949238-951320,,-
PUL0696,-,ATHE_RS04280,WP_015907397.1,,12355 - 13975 (+),NC_012034.1:951355-952975,,1.1.1.-
PUL0696,uxuA,ATHE_RS04285,WP_015907398.1,,14005 - 15097 (+),NC_012034.1:953005-954097,,4.2.1.8
PUL0696,-,ATHE_RS04290,WP_041727352.1,,15236 - 17669 (+),NC_012034.1:954236-956669,,-
PUL0697,-,ATHE_RS13755,WP_015909018.1,,0 - 1887 (+),NC_012034.1:2873292-2875179,,-
PUL0697,-,ATHE_RS13760,WP_015909019.1,,1914 - 2712 (+),NC_012034.1:2875206-2876004,,3.-.-.-
PUL0697,-,ATHE_RS13765,WP_015909020.1,,2745 - 3972 (+),NC_012034.1:2876037-2877264,,3.2.1.8
PUL0704,-,P162_RS02310,WP_031425579.1,,0 - 1467 (-),NZ_JPOL01000002.1:485437-486904,,-
PUL0704,-,P162_RS02315,WP_031425580.1,,1479 - 4503 (-),NZ_JPOL01000002.1:486916-489940,,-
PUL0704,-,P162_RS02320,WP_031425581.1,,4818 - 6312 (-),NZ_JPOL01000002.1:490255-491749,,2.7.1.17
PUL0704,-,P162_RS02325,WP_031425582.1,,6523 - 7585 (+),NZ_JPOL01000002.1:491960-493022,,-
PUL0704,-,P162_RS02330,WP_117434191.1,,7809 - 9984 (+),NZ_JPOL01000002.1:493246-495421,,-
PUL0704,-,P162_RS02335,WP_035916775.1,,10062 - 11187 (+),NZ_JPOL01000002.1:495499-496624,,3.2.1.8
PUL0704,-,P162_RS02340,WP_031425585.1,,11191 - 14038 (+),NZ_JPOL01000002.1:496628-499475,,-
PUL0704,-,P162_RS02345,WP_031425586.1,,14403 - 16599 (-),NZ_JPOL01000002.1:499840-502036,,-
PUL0704,-,P162_RS02350,WP_206340674.1,,16663 - 18025 (-),NZ_JPOL01000002.1:502100-503462,,-
PUL0704,-,P162_RS02355,WP_031425588.1,,18066 - 19698 (-),NZ_JPOL01000002.1:503503-505135,,-
PUL0704,-,P162_RS02360,WP_031425589.1,,19708 - 22870 (-),NZ_JPOL01000002.1:505145-508307,,-
PUL0704,-,P162_RS02365,WP_081868360.1,,23486 - 25862 (-),NZ_JPOL01000002.1:508923-511299,,-
PUL0704,-,P162_RS02370,WP_031425591.1,,26127 - 28080 (-),NZ_JPOL01000002.1:511564-513517,,-
PUL0704,-,P162_RS02375,WP_051907744.1,,28090 - 31162 (-),NZ_JPOL01000002.1:513527-516599,,-
PUL0704,-,P162_RS02380,WP_031425593.1,,31839 - 32955 (+),NZ_JPOL01000002.1:517276-518392,,-
PUL0704,-,P162_RS02385,WP_031425594.1,,32965 - 34888 (+),NZ_JPOL01000002.1:518402-520325,,-
PUL0704,-,P162_RS02390,WP_031425595.1,,34987 - 36703 (-),NZ_JPOL01000002.1:520424-522140,,-
PUL0704,-,P162_RS02395,WP_051907745.1,,37060 - 40381 (-),NZ_JPOL01000002.1:522497-525818,,-
PUL0705,-,P162_RS17810,WP_081868372.1,,0 - 2769 (-),NZ_JPOL01000002.1:858730-861499,,-
PUL0705,-,P162_RS04020,WP_031425947.1,,3312 - 5274 (-),NZ_JPOL01000002.1:862042-864004,,3.2.1.-
PUL0705,-,P162_RS04025,WP_051907767.1,,5305 - 7060 (-),NZ_JPOL01000002.1:864035-865790,,-
PUL0705,-,P162_RS04030,WP_081868373.1,,7254 - 9939 (-),NZ_JPOL01000002.1:865984-868669,,-
PUL0705,-,P162_RS04035,WP_035916826.1,,10005 - 11304 (-),NZ_JPOL01000002.1:868735-870034,,-
PUL0705,-,P162_RS04040,WP_051907768.1,,11357 - 13862 (-),NZ_JPOL01000002.1:870087-872592,,-
PUL0705,-,P162_RS04045,WP_164076206.1,,14479 - 18559 (+),NZ_JPOL01000002.1:873209-877289,,-
PUL0705,-,P162_RS04050,WP_035916828.1,,18931 - 20071 (-),NZ_JPOL01000002.1:877661-878801,,3.2.1.8
PUL0705,-,P162_RS04055,WP_051907770.1,,20268 - 21957 (-),NZ_JPOL01000002.1:878998-880687,,-
PUL0705,-,P162_RS04060,WP_031425955.1,,21992 - 23027 (-),NZ_JPOL01000002.1:880722-881757,,-
PUL0705,-,P162_RS04065,WP_031425956.1,,23069 - 24812 (-),NZ_JPOL01000002.1:881799-883542,,-
PUL0705,-,P162_RS04070,WP_031425957.1,,24839 - 27893 (-),NZ_JPOL01000002.1:883569-886623,,-
PUL0705,-,P162_RS04075,WP_031425958.1,,27955 - 29848 (-),NZ_JPOL01000002.1:886685-888578,,-
PUL0705,-,P162_RS04080,WP_035916831.1,,29859 - 33054 (-),NZ_JPOL01000002.1:888589-891784,,-
PUL0722,-,JOP69_RS09760,WP_203394764.1,,0 - 1038 (-),NZ_CP074436.1:2331852-2332890,,-
PUL0722,-,JOP69_RS09765,WP_203394765.1,,1049 - 2468 (-),NZ_CP074436.1:2332901-2334320,,-
PUL0722,-,JOP69_RS09770,WP_203394766.1,,2480 - 3629 (-),NZ_CP074436.1:2334332-2335481,,3.2.1.8
PUL0722,-,JOP69_RS09775,WP_203394767.1,,3859 - 4912 (-),NZ_CP074436.1:2335711-2336764,,5.1.3.-
PUL0722,-,JOP69_RS09780,WP_252191098.1,,4918 - 5686 (-),NZ_CP074436.1:2336770-2337538,,-
PUL0722,-,JOP69_RS09785,WP_249988932.1,,5862 - 7005 (-),NZ_CP074436.1:2337714-2338857,,-
PUL0722,-,JOP69_RS09790,WP_252191099.1,,7792 - 8392 (-),NZ_CP074436.1:2339644-2340244,,-
PUL0722,-,JOP69_RS09795,WP_203394769.1,,8601 - 9294 (-),NZ_CP074436.1:2340453-2341146,,-
PUL0722,-,JOP69_RS09800,WP_203394770.1,,9371 - 9788 (+),NZ_CP074436.1:2341223-2341640,,-
PUL0722,-,JOP69_RS09805,WP_203394771.1,,9994 - 11197 (-),NZ_CP074436.1:2341846-2343049,,3.2.1.8
PUL0722,-,JOP69_RS09810,WP_203394772.1,,11219 - 12164 (-),NZ_CP074436.1:2343071-2344016,,3.1.1.-
PUL0722,-,JOP69_RS09815,WP_203394773.1,,12175 - 13345 (-),NZ_CP074436.1:2344027-2345197,,-
PUL0722,-,JOP69_RS09820,WP_203394774.1,,13435 - 13840 (-),NZ_CP074436.1:2345287-2345692,,-
PUL0722,-,JOP69_RS09825,WP_203394775.1,,14002 - 15400 (-),NZ_CP074436.1:2345854-2347252,,3.1.3.1
PUL0722,-,JOP69_RS09830,WP_252191100.1,,15617 - 16355 (-),NZ_CP074436.1:2347469-2348207,,-
PUL0722,-,JOP69_RS09835,WP_203394777.1,,16380 - 17661 (-),NZ_CP074436.1:2348232-2349513,,-
PUL0722,-,JOP69_RS09840,WP_203394778.1,,17667 - 18684 (-),NZ_CP074436.1:2349519-2350536,,-
PUL0722,-,JOP69_RS09845,WP_203394779.1,,18773 - 20441 (-),NZ_CP074436.1:2350625-2352293,,-
PUL0722,-,JOP69_RS09850,WP_203394780.1,,20452 - 21538 (-),NZ_CP074436.1:2352304-2353390,,3.2.1.8
PUL0722,-,JOP69_RS09855,WP_203394781.1,,21650 - 23006 (-),NZ_CP074436.1:2353502-2354858,,3.2.1.8
PUL0722,-,JOP69_RS09860,WP_203394782.1,,23039 - 24287 (-),NZ_CP074436.1:2354891-2356139,,-
PUL0722,-,JOP69_RS09865,WP_203394783.1,,24476 - 25967 (-),NZ_CP074436.1:2356328-2357819,,-
PUL0722,-,JOP69_RS09870,WP_252191101.1,,25980 - 28968 (-),NZ_CP074436.1:2357832-2360820,,-
PUL0722,-,JOP69_RS09875,WP_203394785.1,,29020 - 31678 (-),NZ_CP074436.1:2360872-2363530,,3.2.1.-
PUL0722,-,JOP69_RS09880,WP_203394786.1,,31940 - 36095 (-),NZ_CP074436.1:2363792-2367947,,2.7.13.3
PUL0722,-,JOP69_RS09885,WP_203394787.1,,36106 - 38953 (-),NZ_CP074436.1:2367958-2370805,,-
PUL0722,fsa,JOP69_RS09890,WP_203394788.1,,39170 - 39824 (-),NZ_CP074436.1:2371022-2371676,,-
PUL0722,-,JOP69_RS09895,WP_203394789.1,,39836 - 41876 (-),NZ_CP074436.1:2371688-2373728,,2.2.1.-
PUL0722,xylA,JOP69_RS09900,WP_215602577.1,,41943 - 43260 (-),NZ_CP074436.1:2373795-2375112,,5.3.1.5
PUL0722,-,JOP69_RS09905,WP_203394322.1,,43410 - 44895 (-),NZ_CP074436.1:2375262-2376747,,2.7.1.17
PUL0743,-,CCEL_RS06265,WP_015924755.1,,0 - 1725 (+),NC_011898.1:1548963-1550688,,2.7.13.3
PUL0743,-,CCEL_RS06270,WP_015924756.1,,1729 - 3430 (+),NC_011898.1:1550692-1552393,,-
PUL0743,-,CCEL_RS06275,WP_015924757.1,,3588 - 5304 (+),NC_011898.1:1552551-1554267,,-
PUL0743,-,CCEL_RS06280,WP_015924758.1,,5409 - 6312 (+),NC_011898.1:1554372-1555275,,-
PUL0743,-,CCEL_RS06285,WP_015924759.1,,6326 - 7211 (+),NC_011898.1:1555289-1556174,,-
PUL0743,-,CCEL_RS06290,WP_015924760.1,,7356 - 8835 (+),NC_011898.1:1556319-1557798,,-
PUL0743,-,CCEL_RS06295,WP_015924761.1,,8943 - 9198 (+),NC_011898.1:1557906-1558161,,-
PUL0743,-,CCEL_RS06300,WP_015924762.1,,9245 - 10748 (+),NC_011898.1:1558208-1559711,,-
PUL0743,-,CCEL_RS06305,WP_015924763.1,,10765 - 11896 (+),NC_011898.1:1559728-1560859,,-
PUL0743,-,CCEL_RS06310,WP_015924764.1,,11962 - 13468 (+),NC_011898.1:1560925-1562431,,-
PUL0743,-,CCEL_RS06315,WP_015924765.1,,13515 - 14313 (+),NC_011898.1:1562478-1563276,,3.-.-.-
PUL0743,-,CCEL_RS06320,WP_015924766.1,,14365 - 16564 (+),NC_011898.1:1563328-1565527,,-
PUL0743,-,CCEL_RS06325,WP_041706618.1,,16602 - 18498 (+),NC_011898.1:1565565-1567461,,-
PUL0792,-,KYE73_RS02290,WP_226555405.1,,0 - 426 (-),NZ_CP079235.1:549827-550253,,3.5.1.88
PUL0792,-,KYE73_RS02295,WP_226849175.1,,517 - 1084 (+),NZ_CP079235.1:550344-550911,,"1.1.1.193, 3.5.4.26"
PUL0792,-,KYE73_RS02300,WP_004219837.1,,1319 - 2627 (+),NZ_CP079235.1:551146-552454,,-
PUL0792,-,KYE73_RS02305,WP_221608518.1,,2646 - 3600 (+),NZ_CP079235.1:552473-553427,,-
PUL0792,-,KYE73_RS02310,WP_004219834.1,,3599 - 4466 (+),NZ_CP079235.1:553426-554293,,-
PUL0792,-,KYE73_RS02315,WP_226849177.1,,4579 - 6574 (+),NZ_CP079235.1:554406-556401,,-
PUL0792,-,KYE73_RS02320,WP_226849180.1,,6578 - 8207 (+),NZ_CP079235.1:556405-558034,,-
PUL0792,-,KYE73_RS02325,WP_226849182.1,,8340 - 10188 (+),NZ_CP079235.1:558167-560015,,-
PUL0792,-,KYE73_RS02330,WP_226849184.1,,10433 - 11567 (+),NZ_CP079235.1:560260-561394,,-
PUL0792,-,KYE73_RS02335,WP_226555413.1,,11779 - 14254 (+),NZ_CP079235.1:561606-564081,,-
PUL0792,-,KYE73_RS02340,WP_226555415.1,,14567 - 15842 (+),NZ_CP079235.1:564394-565669,,3.1.26.-
PUL0792,-,KYE73_RS02345,WP_226849186.1,,16461 - 17838 (+),NZ_CP079235.1:566288-567665,,-
PUL0792,-,KYE73_RS02350,-,,17866 - 18709 (+),NZ_CP079235.1:567693-568536,,-
PUL0792,-,KYE73_RS09455,WP_261980546.1,,18827 - 19067 (+),NZ_CP079235.1:568654-568894,,-
PUL0792,-,KYE73_RS02355,WP_226555418.1,,19646 - 20543 (-),NZ_CP079235.1:569473-570370,,-
PUL0792,-,KYE73_RS02360,-,,20621 - 22152 (-),NZ_CP079235.1:570448-571979,,-
PUL0792,-,KYE73_RS02365,WP_226555419.1,,22334 - 23561 (+),NZ_CP079235.1:572161-573388,,-
