Subfam Name	Subfam Composition	Subfam EC	Substrate	HMM Length	Target Name	Target Length	i-Evalue	HMM From	HMM To	Target From	Target To	Coverage	HMM File Name
GH30_e78	GH30_8:555|CBM35:22|CBM13:15|CBM2:10|CBM6:8|CBM22:4|CBM37:3|GH30:2|CBM64:2|CBM88:1|CBM9:1|CE0:1	3.2.1.8:16|3.2.1.136:8	xylan	345	PUL0003|NP_389697.1	422	9.754818224286721e-197	1	344	36	378	0.9971014492753624	dbCAN-sub
GH43_e261	GH43_16:637|CBM6:630|CBM22:66|CBM36:43|GH43_10:40|CBM13:21|GH43:12|CBM2:6|GH10:4|CBM3:3|CBM5:2|CBM35:1|CBM42:1|GH43_34:1	3.2.1.55:11|3.2.1.8:2|3.2.1.-:2|3.2.1.37:1	arabinan;xylan	297	PUL0003|NP_389698.1	513	3.422035244247766e-143	1	297	40	363	1.0	dbCAN-sub
CBM6_e6	CBM6:625|GH43_16:614|CBM22:56|CBM36:43|CBM13:18|GH43_10:14|CBM2:8|GH10:5|CBM3:3|CE0:2|CBM35:1|GH43:1|CBM5:1	3.2.1.55:13|3.2.1.8:3|3.2.1.-:2|3.2.1.37:1	beta-glucan;cellulose;xylan	127	PUL0003|NP_389698.1	513	9.93008430251213e-53	1	127	384	512	1.0	dbCAN-sub
CE4_e323	CE4:22		-	123	PUL0010|WP_008880061.1	208	1.7898368532254546e-65	1	123	12	134	1.0	dbCAN-sub
GH39_e74	GH39:160	3.2.1.37:10	xylan	424	PUL0010|WP_008880070.1	506	6.454029407139157e-212	1	423	14	437	0.9976415094339622	dbCAN-sub
GH10_e98	GH10:108|CBM22:34|CBM9:9	3.2.1.8:28	xylan	335	PUL0010|WP_008880078.1	407	5.9466180124130935e-168	2	334	50	405	0.9940298507462688	dbCAN-sub
GH43_e285	GH43_11:2705|GH43:7|GH43_12:2	3.2.1.37:21|3.2.1.55:3|3.2.1.-:1	arabinan;xylan	292	PUL0010|WP_008880081.1	535	6.410366177723512e-156	1	292	5	303	1.0	dbCAN-sub
CBM91_e24	CBM91:3225|GH43_11:3213|GH43_12:1|GH43:1		xylan	200	PUL0010|WP_008880081.1	535	1.108190503747184e-83	1	199	331	534	0.995	dbCAN-sub
GH67_e1	GH67:413|GH3:1	3.2.1.139:12|3.2.1.131:10	xylan	651	PUL0010|WP_011887512.1	684	0.0	1	651	8	681	1.0	dbCAN-sub
GH52_e0	GH52:98	3.2.1.37:8	xylan	417	PUL0010|WP_011887517.1	705	5.920837126202961e-204	1	417	21	440	1.0	dbCAN-sub
GH51_e0	GH51:2271	3.2.1.55:37	arabinan	492	PUL0010|WP_011887521.1	502	2.9525714049710656e-251	1	491	6	500	0.9979674796747968	dbCAN-sub
GH10_e135	GH10:152|GH43_12:2|CBM22:1	3.2.1.8:22	xylan	323	PUL0010|WP_081157505.1	331	8.449342690011943e-168	2	322	10	330	0.9938080495356038	dbCAN-sub
CBM22_e1	CBM22:72|GH10:71|CBM9:47|CBM86:3|CE15:2|CBM4:1	3.2.1.8:20|3.2.1.37:1	xylan;beta-glucan	131	PUL0078|AAB42044.1	684	1.306165743136631e-32	4	131	46	173	0.9770992366412212	dbCAN-sub
CBM22_e1	CBM22:72|GH10:71|CBM9:47|CBM86:3|CE15:2|CBM4:1	3.2.1.8:20|3.2.1.37:1	xylan;beta-glucan	131	PUL0078|AAB42044.1	684	1.1089594606864978e-32	2	129	197	325	0.9770992366412212	dbCAN-sub
GH10_e141	GH10:111|CBM22:60|CBM9:34|CBM3:11|GH5_1:6|GH48:3|CE15:2|CBM6:2|GH43_16:2|CBM4:1	3.2.1.8:29|3.2.1.4:5|3.2.1.55:1|3.2.1.37:1|3.2.1.-:1	beta-glucan;xylan	317	PUL0078|AAB42044.1	684	9.363883607900772e-142	1	316	358	677	0.996845425867508	dbCAN-sub
GH43_e260	GH43_12:83	3.2.1.55:1	xylan	355	PUL0140|AYN23377.1	560	2.7438698647172265e-201	1	355	12	366	1.0	dbCAN-sub
GH43_e285	GH43_11:2705|GH43:7|GH43_12:2	3.2.1.37:21|3.2.1.55:3|3.2.1.-:1	arabinan;xylan	292	PUL0140|AYN23382.1	541	1.6892707255729333e-141	1	291	4	304	0.9965753424657534	dbCAN-sub
CBM91_e24	CBM91:3225|GH43_11:3213|GH43_12:1|GH43:1		xylan	200	PUL0140|AYN23382.1	541	2.756663009852067e-71	1	199	334	538	0.995	dbCAN-sub
CE20_e33	CE20:279|GH33:1|CBM35:1		-	256	PUL0140|AYN23383.1	676	1.0981730747870125e-65	2	254	118	537	0.98828125	dbCAN-sub
GH43_e2	GH43_10:54	3.2.1.55:2	xylan	270	PUL0140|AYN23385.1	519	1.284878091335267e-162	1	270	7	274	1.0	dbCAN-sub
CBM91_e2	CBM91:73|GH43_10:73		xylan	202	PUL0140|AYN23385.1	519	4.4191216213573326e-98	3	202	318	512	0.99009900990099	dbCAN-sub
GH3_e88	GH3:482	3.2.1.37:15|3.2.1.55:3|3.2.1.21:1	arabinan;beta-glucan;xylan	228	PUL0227|AFM44649.1	789	1.932829296821232e-117	1	227	96	321	0.9956140350877192	dbCAN-sub
GH67_e1	GH67:413|GH3:1	3.2.1.139:12|3.2.1.131:10	xylan	651	PUL0227|AFM44650.1	690	0.0	1	651	10	688	1.0	dbCAN-sub
CE4_e329	CE4:6|CBM18:2		-	124	PUL0227|AFM44659.1	266	7.170928850903392e-16	2	118	12	129	0.9435483870967742	dbCAN-sub
GH67_e1	GH67:413|GH3:1	3.2.1.139:12|3.2.1.131:10	xylan	651	PUL0229|ABV90485.1	687	0.0	1	650	8	684	0.998463901689708	dbCAN-sub
GH10_e135	GH10:152|GH43_12:2|CBM22:1	3.2.1.8:22	xylan	323	PUL0229|ABV90486.1	341	1.0525839694089095e-161	2	322	12	332	0.9938080495356038	dbCAN-sub
GH43_e67	GH43_12:35|GH43:2	3.2.1.37:2|3.2.1.55:2	xylan	277	PUL0229|ABV90487.1	521	5.042343041206967e-153	1	277	13	289	1.0	dbCAN-sub
CBM91_e28	CBM91:215|GH43_12:206|GH43:7|GH43_14:1		xylan	199	PUL0229|ABV90487.1	521	8.690431213464215e-43	3	198	323	518	0.984924623115578	dbCAN-sub
GH10_e5	GH10:38|CBM4:15|CBM0:9	3.2.1.8:4	xylan	262	PUL0262|ALJ61518.1	721	5.98211505262808e-141	1	262	455	717	1.0	dbCAN-sub
GH10_e83	GH10:216|GH43_12:4|GH43_1:3|CE0:2	3.2.1.8:21|3.2.1.55:1	xylan	341	PUL0262|ALJ61519.1	371	1.3457554274310617e-170	3	340	34	369	0.9912023460410556	dbCAN-sub
GH5_e243	GH5_21:28|GH43_10:5	3.2.1.8:2	xylan	275	PUL0262|ALJ61520.1	655	1.1181054390564425e-163	1	274	68	350	0.9963636363636365	dbCAN-sub
CE1_e22	CE1:6|CBM48:2|CE0:2		-	206	PUL0262|ALJ61521.1	293	5.752916712567733e-40	3	204	47	281	0.9805825242718448	dbCAN-sub
CE6_e2	CE6:151|CE0:39|CBM48:38|GH95:11|GH51:3|GH97:2|GH43_10:2|GH43_17:1|CBM5:1|CBM4:1|GH10:1|GH43_28:1|CBM88:1|CBM9:1	3.1.1.72:6|3.1.1.73:2	xylan	111	PUL0262|ALJ61522.1	1074	1.591269170286155e-56	2	110	88	196	0.981981981981982	dbCAN-sub
GH95_e1	GH95:1763|CBM13:26|CBM2:14|CE6:11|CBM6:7|CBM32:5|CE8:2|GH29:1|CE12:1|CBM5:1|GH1:1	3.2.1.-:3|3.2.1.63:2	alpha-galactan;beta-fucosides	743	PUL0262|ALJ61522.1	1074	0.0	2	729	280	1010	0.9798115746971736	dbCAN-sub
GH8_e37	GH8:24|CBM6:6|CBM36:6|GH26:2|GH5:1|GH5_55:1	3.2.1.8:3|3.2.1.4:2	cellulose;xylan	315	PUL0262|ALJ61523.1	417	5.2772995665549644e-133	1	315	95	409	1.0	dbCAN-sub
CBM22_e4	CBM22:20|GH10:20|CBM3:6	3.2.1.8:4	xylan;beta-glucan	129	PUL0263|ALJ61540.1	772	2.9953118348938785e-21	2	119	169	281	0.9147286821705426	dbCAN-sub
CBM22_e4	CBM22:20|GH10:20|CBM3:6	3.2.1.8:4	xylan;beta-glucan	129	PUL0263|ALJ61540.1	772	1.4722547908887018e-27	3	118	322	436	0.8992248062015504	dbCAN-sub
GH10_e28	GH10:6|CBM4:3|CBM22:2	3.2.1.8:1	xylan	257	PUL0263|ALJ61540.1	772	4.055270150364526e-151	1	257	491	743	1.0	dbCAN-sub
GH43_e260	GH43_12:83	3.2.1.55:1	xylan	355	PUL0274|ACS45887.1	560	8.857298516298093e-202	1	355	12	366	1.0	dbCAN-sub
GH43_e285	GH43_11:2705|GH43:7|GH43_12:2	3.2.1.37:21|3.2.1.55:3|3.2.1.-:1	arabinan;xylan	292	PUL0274|ACS45892.1	541	4.735509476938391e-141	1	291	4	304	0.9965753424657534	dbCAN-sub
CBM91_e24	CBM91:3225|GH43_11:3213|GH43_12:1|GH43:1		xylan	200	PUL0274|ACS45892.1	541	1.335100766846904e-71	1	199	334	538	0.995	dbCAN-sub
CE20_e33	CE20:279|GH33:1|CBM35:1		-	256	PUL0274|ACS45893.1	641	5.016413503494264e-65	2	254	83	502	0.98828125	dbCAN-sub
GH43_e2	GH43_10:54	3.2.1.55:2	xylan	270	PUL0274|ACS45895.1	519	2.3438874930518624e-163	1	270	7	274	1.0	dbCAN-sub
CBM91_e2	CBM91:73|GH43_10:73		xylan	202	PUL0274|ACS45895.1	519	2.8005633694322412e-98	3	202	318	512	0.99009900990099	dbCAN-sub
GH97_e18	GH97:183|GH146:3|GH43_19:3|CE6:2	3.2.1.22:1|3.2.1.88:1	alpha-glucan;arabinan	633	PUL0289|ABQ06884.1	647	0.0	6	632	18	645	0.990521327014218	dbCAN-sub
GH3_e0	GH3:1894|GH67:1|CBM6:1|CBM32:1	3.2.1.37:92|3.2.1.55:39|3.2.1.21:1|3.2.1.6:1|3.2.1.73:1	arabinan;beta-glucan;xylan	251	PUL0289|ABQ06885.1	864	4.3873418884524206e-113	3	246	56	304	0.9721115537848606	dbCAN-sub
GH43_e101	GH43_10:132|CBM22:17|CBM6:15|GH43_16:11|CBM2:10|GH10:5|GH43_2:4|GH43:3|GH62:2|CBM88:2|CBM9:2|CE6:1|GH8:1|CBM60:1		-	267	PUL0289|ABQ06886.1	518	5.26052962388686e-133	1	267	27	294	1.0	dbCAN-sub
CBM91_e51	CBM91:206|GH43_10:196|CBM22:29|CBM6:17|GH43_16:15|GH43:7|CBM2:6|CE0:2|CBM13:2|CBM88:2|CBM9:2|GH43_29:1|CE6:1|CBM5:1|GH30_10:1		xylan	186	PUL0289|ABQ06886.1	518	1.4258222218224335e-90	2	185	331	514	0.989247311827957	dbCAN-sub
GH146_e0	GH146:409|GH97:3|GH43_19:1|GH43_34:1|CBM13:1	3.2.1.185:1	arabinan	511	PUL0289|ABQ06887.1	765	2.164673025069917e-246	1	511	35	543	1.0	dbCAN-sub
GH115_e0	GH115:692|GH3:1|CE15:1|CBM6:1|CE4:1	3.2.1.131:6	xylan	646	PUL0289|ABQ06888.1	841	3.3512635710942585e-295	3	645	36	826	0.9953560371517028	dbCAN-sub
CE6_e2	CE6:151|CE0:39|CBM48:38|GH95:11|GH51:3|GH97:2|GH43_10:2|GH43_17:1|CBM5:1|CBM4:1|GH10:1|GH43_28:1|CBM88:1|CBM9:1	3.1.1.72:6|3.1.1.73:2	xylan	111	PUL0289|ABQ06889.1	560	1.9109806109237155e-57	1	111	91	201	1.0	dbCAN-sub
CE1_e22	CE1:6|CBM48:2|CE0:2		-	206	PUL0289|ABQ06889.1	560	1.9533809921998583e-84	2	206	323	536	0.9951456310679612	dbCAN-sub
GH43_e124	GH43_12:138|GH10:7|GH43:1	3.2.1.55:7|3.2.1.8:1	xylan	295	PUL0289|ABQ06891.1	571	4.4015264989913174e-167	1	295	59	353	1.0	dbCAN-sub
CBM91_e46	CBM91:172|GH43_12:169|GH10:14|GH43_8:1		xylan	179	PUL0289|ABQ06891.1	571	4.283757221702694e-83	1	179	390	568	1.0	dbCAN-sub
GH120_e0	GH120:143	3.2.1.37:3	xylan	65	PUL0294|PKD09793.1	659	7.393097211230755e-17	9	58	9	58	0.7692307692307693	dbCAN-sub
GH120_e3	GH120:16		-	91	PUL0294|PKD09793.1	659	4.323737560115042e-28	2	90	317	404	0.978021978021978	dbCAN-sub
GH43_e260	GH43_12:83	3.2.1.55:1	xylan	355	PUL0294|PKD09795.1	590	2.627756889156612e-204	1	355	21	368	1.0	dbCAN-sub
GH43_e285	GH43_11:2705|GH43:7|GH43_12:2	3.2.1.37:21|3.2.1.55:3|3.2.1.-:1	arabinan;xylan	292	PUL0294|PKD09796.1	539	1.4702238035183798e-140	2	292	5	305	0.9965753424657534	dbCAN-sub
CBM91_e24	CBM91:3225|GH43_11:3213|GH43_12:1|GH43:1		xylan	200	PUL0294|PKD09796.1	539	8.556087508862699e-72	1	199	334	538	0.995	dbCAN-sub
GH127_e5	GH127:146	3.2.1.-:2	pectin	539	PUL0328|APU67020.1	722	1.359085236959475e-34	314	538	349	577	0.4174397031539889	dbCAN-sub
GH43_e21	GH43_31:29		-	429	PUL0328|APU67021.1	813	1.4074568958728888e-22	231	384	78	227	0.358974358974359	dbCAN-sub
GH43_e151	GH43_26:83|GH43_34:4|GH43:1|GH2:1		-	303	PUL0328|APU67023.1	366	1.5639134003109397e-147	1	303	43	339	1.0	dbCAN-sub
GH2_e14	GH2:396|GH43:2|GH43_26:1|CBM35:1|GH43_10:1		-	567	PUL0328|APU67024.1	606	1.104699019300482e-261	3	559	47	603	0.982363315696649	dbCAN-sub
GH5_e221	GH5_13:549|GH5:3|GH93:1	3.2.1.146:3	arabinogalactan	274	PUL0328|APU67025.1	391	3.864991460389764e-140	1	274	70	344	1.0	dbCAN-sub
GH43_e101	GH43_10:132|CBM22:17|CBM6:15|GH43_16:11|CBM2:10|GH10:5|GH43_2:4|GH43:3|GH62:2|CBM88:2|CBM9:2|CE6:1|GH8:1|CBM60:1		-	267	PUL0329|APU67041.1	516	4.5078820235444147e-129	1	267	29	294	1.0	dbCAN-sub
CBM91_e51	CBM91:206|GH43_10:196|CBM22:29|CBM6:17|GH43_16:15|GH43:7|CBM2:6|CE0:2|CBM13:2|CBM88:2|CBM9:2|GH43_29:1|CE6:1|CBM5:1|GH30_10:1		xylan	186	PUL0329|APU67041.1	516	3.548795043951796e-85	2	185	331	514	0.989247311827957	dbCAN-sub
GH43_e124	GH43_12:138|GH10:7|GH43:1	3.2.1.55:7|3.2.1.8:1	xylan	295	PUL0329|APU67042.1	581	1.7583001878181734e-167	1	295	65	360	1.0	dbCAN-sub
CBM91_e46	CBM91:172|GH43_12:169|GH10:14|GH43_8:1		xylan	179	PUL0329|APU67042.1	581	2.5893435679362297e-78	1	178	397	574	0.994413407821229	dbCAN-sub
CE20_e20	CE20:241		-	236	PUL0329|APU67044.1	648	1.3384820483091982e-93	1	235	103	535	0.9957627118644068	dbCAN-sub
GH43_e53	GH43_1:1254|GH43_10:16|GH5_21:6|CBM6:5|GH43:4|GH10:3|GH43_33:2|GH43_32:2|GH43_34:1|GH43_29:1|GH117:1	3.2.1.37:19|3.2.1.55:4	xylan	310	PUL0329|APU67045.1	391	8.878175224471912e-163	1	310	70	379	1.0	dbCAN-sub
GH3_e0	GH3:1894|GH67:1|CBM6:1|CBM32:1	3.2.1.37:92|3.2.1.55:39|3.2.1.21:1|3.2.1.6:1|3.2.1.73:1	arabinan;beta-glucan;xylan	251	PUL0329|APU67056.1	735	5.670291826391938e-124	3	245	66	309	0.9681274900398408	dbCAN-sub
GH67_e0	GH67:722	3.2.1.139:4|3.2.1.131:3|3.2.1.-:1	xylan	668	PUL0329|APU67057.1	743	0.0	1	667	45	714	0.998502994011976	dbCAN-sub
GH10_e7	GH10:66|CBM22:2|CBM4:1|CBM9:1|CBM13:1	3.2.1.8:1	xylan	329	PUL0329|APU67060.1	382	2.586630191427209e-161	1	328	45	372	0.9969604863221884	dbCAN-sub
GH115_e0	GH115:692|GH3:1|CE15:1|CBM6:1|CE4:1	3.2.1.131:6	xylan	646	PUL0329|APU67061.1	947	0.0	2	641	48	930	0.9907120743034056	dbCAN-sub
CE15_e14	CE15:93|CBM9:2|GH115:1|CE3:1|CBM0:1	3.1.1.-:2|3.1.1.72:1	-	369	PUL0329|APU67062.1	439	5.977967573015005e-152	1	369	75	438	1.0	dbCAN-sub
GH13_e102	GH13:48	3.2.1.54:1|3.2.1.135:1	alpha-glucan	320	PUL0335|SIP56320.1	616	3.194239684116164e-163	1	319	164	484	0.996875	dbCAN-sub
GH97_e22	GH97:651	3.2.1.3:2|3.2.1.20:2	alpha-glucan	689	PUL0335|SIP56331.1	717	0.0	5	688	19	702	0.9927431059506532	dbCAN-sub
GH3_e1	GH3:5872|GH16:4|CBM6:2|GH144:1	3.2.1.21:20|3.2.1.-:6	beta-glucan;xyloglucan	222	PUL0335|SIP56336.1	750	1.7324764060666045e-106	1	222	94	315	1.0	dbCAN-sub
GH158_e5	GH158:16	3.2.1.39:1	beta-glucan	132	PUL0335|SIP56337.1	430	6.96743009935314e-81	2	131	40	169	0.9848484848484848	dbCAN-sub
GH16_e240	GH16_3:45|GH16:4|GH16_24:1|CBM88:1	3.2.1.39:1	beta-glucan	230	PUL0335|SIP56338.1	314	5.186976967241985e-106	1	230	77	312	1.0	dbCAN-sub
GH3_e1	GH3:5872|GH16:4|CBM6:2|GH144:1	3.2.1.21:20|3.2.1.-:6	beta-glucan;xyloglucan	222	PUL0336|SIP56345.1	747	1.7193107299582428e-106	1	222	91	312	1.0	dbCAN-sub
GH158_e5	GH158:16	3.2.1.39:1	beta-glucan	132	PUL0336|SIP56346.1	430	6.96743009935314e-81	2	131	40	169	0.9848484848484848	dbCAN-sub
GH16_e240	GH16_3:45|GH16:4|GH16_24:1|CBM88:1	3.2.1.39:1	beta-glucan	230	PUL0336|SIP56347.1	314	5.186976967241985e-106	1	230	77	312	1.0	dbCAN-sub
GT2			-	162	PUL0336|SIP56353.1	317	1.9583140622372642e-81	1	162	5	168	1.0	dbCAN-sub
GT2			-	162	PUL0337|SIP56386.1	317	1.9583140622372642e-81	1	162	5	168	1.0	dbCAN-sub
GH16_e240	GH16_3:45|GH16:4|GH16_24:1|CBM88:1	3.2.1.39:1	beta-glucan	230	PUL0337|SIP56392.1	314	5.186976967241985e-106	1	230	77	312	1.0	dbCAN-sub
GH158_e5	GH158:16	3.2.1.39:1	beta-glucan	132	PUL0337|SIP56393.1	430	6.96743009935314e-81	2	131	40	169	0.9848484848484848	dbCAN-sub
GH3_e1	GH3:5872|GH16:4|CBM6:2|GH144:1	3.2.1.21:20|3.2.1.-:6	beta-glucan;xyloglucan	222	PUL0337|SIP56394.1	747	1.7193107299582428e-106	1	222	91	312	1.0	dbCAN-sub
GT2			-	162	PUL0338|SIP56409.1	317	1.9583140622372642e-81	1	162	5	168	1.0	dbCAN-sub
GH16_e240	GH16_3:45|GH16:4|GH16_24:1|CBM88:1	3.2.1.39:1	beta-glucan	230	PUL0338|SIP56415.1	314	5.186976967241985e-106	1	230	77	312	1.0	dbCAN-sub
GH158_e5	GH158:16	3.2.1.39:1	beta-glucan	132	PUL0338|SIP56416.1	430	6.96743009935314e-81	2	131	40	169	0.9848484848484848	dbCAN-sub
GH3_e1	GH3:5872|GH16:4|CBM6:2|GH144:1	3.2.1.21:20|3.2.1.-:6	beta-glucan;xyloglucan	222	PUL0338|SIP56417.1	747	1.7193107299582428e-106	1	222	91	312	1.0	dbCAN-sub
GH97_e22	GH97:651	3.2.1.3:2|3.2.1.20:2	alpha-glucan	689	PUL0338|SIP56422.1	717	0.0	5	688	19	702	0.9927431059506532	dbCAN-sub
GH97_e22	GH97:651	3.2.1.3:2|3.2.1.20:2	alpha-glucan	689	PUL0339|SIP56437.1	718	0.0	4	688	19	703	0.9941944847605224	dbCAN-sub
GH3_e1	GH3:5872|GH16:4|CBM6:2|GH144:1	3.2.1.21:20|3.2.1.-:6	beta-glucan;xyloglucan	222	PUL0339|SIP56440.1	750	4.848197800456607e-106	1	222	94	315	1.0	dbCAN-sub
GH16_e240	GH16_3:45|GH16:4|GH16_24:1|CBM88:1	3.2.1.39:1	beta-glucan	230	PUL0339|SIP56442.1	496	2.6270191648805733e-109	1	230	259	492	1.0	dbCAN-sub
GH20_e12	GH20:1706|CBM32:19|CBM0:2	3.2.1.52:18|3.2.1.-:1	host glycan	351	PUL0339|SIP56449.1	814	2.787215971689546e-167	2	349	161	529	0.9914529914529916	dbCAN-sub
GH3_e0	GH3:1894|GH67:1|CBM6:1|CBM32:1	3.2.1.37:92|3.2.1.55:39|3.2.1.21:1|3.2.1.6:1|3.2.1.73:1	arabinan;beta-glucan;xylan	251	PUL0342|WP_013064096.1	861	3.590204730075826e-107	3	247	56	306	0.9760956175298804	dbCAN-sub
GH95_e1	GH95:1763|CBM13:26|CBM2:14|CE6:11|CBM6:7|CBM32:5|CE8:2|GH29:1|CE12:1|CBM5:1|GH1:1	3.2.1.-:3|3.2.1.63:2	alpha-galactan;beta-fucosides	743	PUL0342|WP_013064566.1	821	1.0891857826808908e-300	2	729	19	758	0.9798115746971736	dbCAN-sub
GH10_e109	GH10:54|CBM48:3|CE0:3|CBM85:1	3.2.1.8:2	xylan	324	PUL0342|WP_013065621.1	726	1.457192137058625e-173	1	324	35	368	1.0	dbCAN-sub
CBM48_e44	CBM48:75|CE0:72|GH10:18	3.2.1.8:5|3.1.1.73:2	alpha-glucan	68	PUL0342|WP_013065621.1	726	9.414794010014154e-41	1	68	402	469	1.0	dbCAN-sub
CE1_e22	CE1:6|CBM48:2|CE0:2		-	206	PUL0342|WP_013065621.1	726	4.510037328443835e-44	2	204	516	719	0.9854368932038836	dbCAN-sub
CBM4_e6	CBM4:22|GH10:22|CBM0:7	3.2.1.8:5	xylan;beta-glucan	122	PUL0345|EDV05054.1	782	9.862442878622384e-26	1	121	168	296	0.9918032786885246	dbCAN-sub
CBM4_e6	CBM4:22|GH10:22|CBM0:7	3.2.1.8:5	xylan;beta-glucan	122	PUL0345|EDV05054.1	782	3.3572748016347136e-24	1	120	321	447	0.9836065573770492	dbCAN-sub
GH10_e28	GH10:6|CBM4:3|CBM22:2	3.2.1.8:1	xylan	257	PUL0345|EDV05054.1	782	3.2444257680625635e-151	1	257	494	752	1.0	dbCAN-sub
GH35_e44	GH35:96		-	181	PUL0345|EDV05056.1	582	3.210509942719796e-89	1	180	47	226	0.994475138121547	dbCAN-sub
CE20_e6	CE20:16		-	232	PUL0345|EDV05057.1	556	1.1194507129894335e-81	1	231	118	550	0.9956896551724138	dbCAN-sub
GH10_e83	GH10:216|GH43_12:4|GH43_1:3|CE0:2	3.2.1.8:21|3.2.1.55:1	xylan	341	PUL0345|EDV05059.1	910	1.8547614601303282e-164	1	340	31	368	0.997067448680352	dbCAN-sub
GH43_e124	GH43_12:138|GH10:7|GH43:1	3.2.1.55:7|3.2.1.8:1	xylan	295	PUL0345|EDV05059.1	910	3.0126728698145038e-145	1	295	412	706	1.0	dbCAN-sub
CBM91_e46	CBM91:172|GH43_12:169|GH10:14|GH43_8:1		xylan	179	PUL0345|EDV05059.1	910	5.731628976034617e-51	5	177	730	907	0.9664804469273744	dbCAN-sub
GH43_e53	GH43_1:1254|GH43_10:16|GH5_21:6|CBM6:5|GH43:4|GH10:3|GH43_33:2|GH43_32:2|GH43_34:1|GH43_29:1|GH117:1	3.2.1.37:19|3.2.1.55:4	xylan	310	PUL0345|EDV05060.1	325	6.940864938518018e-157	1	309	8	318	0.9967741935483873	dbCAN-sub
GH67_e0	GH67:722	3.2.1.139:4|3.2.1.131:3|3.2.1.-:1	xylan	668	PUL0345|EDV05062.1	676	1.3399807825819504e-291	83	667	67	641	0.875748502994012	dbCAN-sub
GH8_e37	GH8:24|CBM6:6|CBM36:6|GH26:2|GH5:1|GH5_55:1	3.2.1.8:3|3.2.1.4:2	cellulose;xylan	315	PUL0345|EDV05067.1	418	2.1706253969879203e-132	1	315	96	410	1.0	dbCAN-sub
CE6_e2	CE6:151|CE0:39|CBM48:38|GH95:11|GH51:3|GH97:2|GH43_10:2|GH43_17:1|CBM5:1|CBM4:1|GH10:1|GH43_28:1|CBM88:1|CBM9:1	3.1.1.72:6|3.1.1.73:2	xylan	111	PUL0345|EDV05068.1	1061	2.2951579966431472e-57	2	110	75	183	0.981981981981982	dbCAN-sub
GH95_e1	GH95:1763|CBM13:26|CBM2:14|CE6:11|CBM6:7|CBM32:5|CE8:2|GH29:1|CE12:1|CBM5:1|GH1:1	3.2.1.-:3|3.2.1.63:2	alpha-galactan;beta-fucosides	743	PUL0345|EDV05068.1	1061	0.0	2	729	267	997	0.9798115746971736	dbCAN-sub
CE1_e22	CE1:6|CBM48:2|CE0:2		-	206	PUL0345|EDV05069.1	294	5.835059659425645e-40	3	204	48	282	0.9805825242718448	dbCAN-sub
GH5_e243	GH5_21:28|GH43_10:5	3.2.1.8:2	xylan	275	PUL0345|EDV05070.1	660	2.4843816738336497e-164	1	275	76	356	1.0	dbCAN-sub
CBM4_e6	CBM4:22|GH10:22|CBM0:7	3.2.1.8:5	xylan;beta-glucan	122	PUL0345|EDV05072.1	746	2.69075007276371e-22	2	112	312	433	0.9098360655737704	dbCAN-sub
GH10_e5	GH10:38|CBM4:15|CBM0:9	3.2.1.8:4	xylan	262	PUL0345|EDV05072.1	746	5.817939381027168e-137	1	262	481	742	1.0	dbCAN-sub
CE20_e6	CE20:16		-	232	PUL0345|EDV05079.1	641	8.430713218481059e-79	1	230	99	529	0.9913793103448276	dbCAN-sub
GH115_e0	GH115:692|GH3:1|CE15:1|CBM6:1|CE4:1	3.2.1.131:6	xylan	646	PUL0345|EDV05080.1	848	7.138972399548678e-297	2	645	51	835	0.9969040247678018	dbCAN-sub
GH43_e59	GH43_29:334|CBM6:308|CBM2:13|CBM13:12|CBM22:12|CBM42:12|GH43_10:9|GH43:9|CBM48:6|CE0:6|GH43_17:4|GH27:3|GH43_30:2|CE6:2|CBM64:1|CBM51:1|GH43_26:1|CBM1:1	3.2.1.37:2|3.2.1.55:2|3.2.1.8:1	xylan	281	PUL0346|CCG34969.1	158	4.241192606247584e-62	1	128	33	158	0.4555160142348754	dbCAN-sub
GH43_e124	GH43_12:138|GH10:7|GH43:1	3.2.1.55:7|3.2.1.8:1	xylan	295	PUL0346|CCG34977.1	578	2.99120854047416e-153	1	295	72	367	1.0	dbCAN-sub
CBM91_e46	CBM91:172|GH43_12:169|GH10:14|GH43_8:1		xylan	179	PUL0346|CCG34977.1	578	4.163656430384257e-61	1	176	399	577	0.9832402234636872	dbCAN-sub
GH43_e53	GH43_1:1254|GH43_10:16|GH5_21:6|CBM6:5|GH43:4|GH10:3|GH43_33:2|GH43_32:2|GH43_34:1|GH43_29:1|GH117:1	3.2.1.37:19|3.2.1.55:4	xylan	310	PUL0346|CCG34978.1	323	1.1645045550434334e-155	1	310	8	318	1.0	dbCAN-sub
GH10_e83	GH10:216|GH43_12:4|GH43_1:3|CE0:2	3.2.1.8:21|3.2.1.55:1	xylan	341	PUL0346|CCG34979.1	373	8.521029582392066e-165	1	339	32	368	0.9941348973607038	dbCAN-sub
GH16_e321	GH16_3:114|GH16:2|CBM16:1	3.2.1.-:1	host glycan	227	PUL0346|CCG34983.1	246	6.316504983719004e-114	2	227	19	244	0.9955947136563876	dbCAN-sub
GH10_e125	GH10:236	3.2.1.-:1	xylan	349	PUL0364|AAM43336.1	385	1.529211604779375e-195	1	349	26	374	1.0	dbCAN-sub
GH2_e127	GH2:646|CBM32:8|CBM35:1	3.2.1.23:2	beta-galactan	717	PUL0364|AAM43337.1	963	3.4921509660091617e-289	6	716	81	899	0.99163179916318	dbCAN-sub
GH10_e0	GH10:443|CBM4:6|CBM6:3|CBM22:2	3.2.1.8:6	xylan	284	PUL0364|AAM43339.1	330	4.626357987593528e-154	2	284	37	319	0.9964788732394366	dbCAN-sub
GH43_e53	GH43_1:1254|GH43_10:16|GH5_21:6|CBM6:5|GH43:4|GH10:3|GH43_33:2|GH43_32:2|GH43_34:1|GH43_29:1|GH117:1	3.2.1.37:19|3.2.1.55:4	xylan	310	PUL0364|AAM43343.1	344	2.5733037650838507e-154	1	309	22	330	0.9967741935483873	dbCAN-sub
GH67_e1	GH67:413|GH3:1	3.2.1.139:12|3.2.1.131:10	xylan	651	PUL0390|WP_004082543.1	674	0.0	2	651	7	671	0.998463901689708	dbCAN-sub
CBM22_e1	CBM22:72|GH10:71|CBM9:47|CBM86:3|CE15:2|CBM4:1	3.2.1.8:20|3.2.1.37:1	xylan;beta-glucan	131	PUL0390|WP_004082550.1	1059	1.398245917167677e-36	5	128	56	178	0.9465648854961832	dbCAN-sub
CBM22_e1	CBM22:72|GH10:71|CBM9:47|CBM86:3|CE15:2|CBM4:1	3.2.1.8:20|3.2.1.37:1	xylan;beta-glucan	131	PUL0390|WP_004082550.1	1059	1.1166563078303416e-44	1	130	206	335	0.9923664122137404	dbCAN-sub
GH10_e141	GH10:111|CBM22:60|CBM9:34|CBM3:11|GH5_1:6|GH48:3|CE15:2|CBM6:2|GH43_16:2|CBM4:1	3.2.1.8:29|3.2.1.4:5|3.2.1.55:1|3.2.1.37:1|3.2.1.-:1	beta-glucan;xylan	317	PUL0390|WP_004082550.1	1059	2.2453575091357828e-143	2	316	373	691	0.9936908517350158	dbCAN-sub
CBM9_e1	CBM9:37|CBM22:34|GH10:34|CE15:2|CBM66:1	3.2.1.8:13|3.2.1.37:1	cellulose	166	PUL0390|WP_004082550.1	1059	5.817403795734522e-54	2	166	713	868	0.993975903614458	dbCAN-sub
CBM9_e1	CBM9:37|CBM22:34|GH10:34|CE15:2|CBM66:1	3.2.1.8:13|3.2.1.37:1	cellulose	166	PUL0390|WP_004082550.1	1059	2.5214117339361097e-64	1	165	883	1057	0.993975903614458	dbCAN-sub
CBM22_e3	CBM22:11		xylan;beta-glucan	107	PUL0390|WP_004082552.1	179	1.7631909986389567e-55	8	106	33	127	0.9252336448598132	dbCAN-sub
GH10_e3	GH10:30|CBM2:1|CBM22:1	3.2.1.8:15	xylan	308	PUL0390|WP_004082568.1	347	2.309443997827222e-163	2	307	31	337	0.9935064935064936	dbCAN-sub
GH3_e88	GH3:482	3.2.1.37:15|3.2.1.55:3|3.2.1.21:1	arabinan;beta-glucan;xylan	228	PUL0390|WP_004082594.1	778	1.4723663707915982e-116	1	228	90	316	1.0	dbCAN-sub
CE7_e23	CE7:497	3.1.1.72:4	xylan	313	PUL0390|WP_004082599.1	325	1.5779519433115307e-156	1	313	5	319	1.0	dbCAN-sub
GH67_e0	GH67:722	3.2.1.139:4|3.2.1.131:3|3.2.1.-:1	xylan	668	PUL0392|CBK69516.1	713	0.0	80	667	69	681	0.8802395209580839	dbCAN-sub
CE20_e6	CE20:16		-	232	PUL0392|CBK69518.1	548	4.128440800275544e-78	1	232	102	542	1.0	dbCAN-sub
CBM48_e14	CBM48:1142|GH13_14:1124|CBM41:557|GH13_32:70|CBM25:49|GH13_41:25|GH13:12|CBM20:10|CBM68:8|GH13_42:1|CBM0:1	3.2.1.41:14|3.2.1.1:4|3.2.1.68:2|3.2.1.-:2	alpha-glucan	92	PUL0392|CBK69519.1	668	8.166781209773957e-20	13	89	46	126	0.8369565217391305	dbCAN-sub
GH13_e95	GH13_14:318|CBM48:209|CBM41:64|CBM68:5|GH13:2|GH133:1	3.2.1.-:2|3.2.1.68:1|3.2.1.41:1	alpha-glucan	310	PUL0392|CBK69519.1	668	2.8018202814069644e-143	1	310	203	527	1.0	dbCAN-sub
GH43_e285	GH43_11:2705|GH43:7|GH43_12:2	3.2.1.37:21|3.2.1.55:3|3.2.1.-:1	arabinan;xylan	292	PUL0402|BAL51422.1	559	1.4232344198728892e-139	1	292	5	306	1.0	dbCAN-sub
CBM91_e24	CBM91:3225|GH43_11:3213|GH43_12:1|GH43:1		xylan	200	PUL0402|BAL51422.1	559	2.5771240353011265e-74	1	199	335	538	0.995	dbCAN-sub
GH10_e83	GH10:216|GH43_12:4|GH43_1:3|CE0:2	3.2.1.8:21|3.2.1.55:1	xylan	341	PUL0411|CAA89207.1	369	1.0247265930376767e-160	1	340	27	366	0.997067448680352	dbCAN-sub
GH43_e53	GH43_1:1254|GH43_10:16|GH5_21:6|CBM6:5|GH43:4|GH10:3|GH43_33:2|GH43_32:2|GH43_34:1|GH43_29:1|GH117:1	3.2.1.37:19|3.2.1.55:4	xylan	310	PUL0411|CAA89208.1	319	1.8824405834622418e-139	4	310	9	316	0.9903225806451612	dbCAN-sub
GH10_e83	GH10:216|GH43_12:4|GH43_1:3|CE0:2	3.2.1.8:21|3.2.1.55:1	xylan	341	PUL0414|AFK83726.1	401	4.537802161738676e-65	97	339	31	294	0.7126099706744868	dbCAN-sub
GH1_e107	GH1:2214|GH5_19:1	3.2.1.21:51|3.2.1.38:2|3.2.1.-:1	beta-fucosides;beta-glucan;polyphenol	435	PUL0414|AFK83736.1	443	3.556353601487801e-187	1	433	6	438	0.9954022988505749	dbCAN-sub
GH10_e126	GH10:10|CBM22:1	3.2.1.8:1	xylan	336	PUL0414|AFK83737.1	476	2.4083430557670046e-178	1	336	121	463	1.0	dbCAN-sub
GH10_e126	GH10:10|CBM22:1	3.2.1.8:1	xylan	336	PUL0414|AFK83738.1	380	4.378982749020384e-170	1	336	45	372	1.0	dbCAN-sub
GH10_e126	GH10:10|CBM22:1	3.2.1.8:1	xylan	336	PUL0414|AFK83739.1	503	1.0525887872446588e-169	2	335	143	500	0.9940476190476192	dbCAN-sub
GH94_e12	GH94:336	2.4.1.20:14|2.4.1.49:1	cellulose	806	PUL0414|AFK83742.1	638	2.5213512328563015e-297	1	580	3	587	0.7196029776674938	dbCAN-sub
GH20_e12	GH20:1706|CBM32:19|CBM0:2	3.2.1.52:18|3.2.1.-:1	host glycan	351	PUL0415|EDO13795.1	691	7.235008495113067e-162	2	348	150	498	0.9886039886039886	dbCAN-sub
CBM32_e198	CBM32:19|GH20:19		host glycan	96	PUL0415|EDO13795.1	691	6.809524035217544e-22	2	94	584	675	0.96875	dbCAN-sub
GH20_e12	GH20:1706|CBM32:19|CBM0:2	3.2.1.52:18|3.2.1.-:1	host glycan	351	PUL0415|EDO13796.1	774	1.7005947266607768e-173	2	349	153	510	0.9914529914529916	dbCAN-sub
GH43_e53	GH43_1:1254|GH43_10:16|GH5_21:6|CBM6:5|GH43:4|GH10:3|GH43_33:2|GH43_32:2|GH43_34:1|GH43_29:1|GH117:1	3.2.1.37:19|3.2.1.55:4	xylan	310	PUL0456|WP_006281621.1	319	1.8824405834622418e-139	4	310	9	316	0.9903225806451612	dbCAN-sub
GH67_e0	GH67:722	3.2.1.139:4|3.2.1.131:3|3.2.1.-:1	xylan	668	PUL0456|WP_006281625.1	629	1.5999873238434474e-257	107	666	82	628	0.8383233532934131	dbCAN-sub
GH10_e83	GH10:216|GH43_12:4|GH43_1:3|CE0:2	3.2.1.8:21|3.2.1.55:1	xylan	341	PUL0456|WP_039869723.1	369	8.537737640066061e-161	1	340	27	366	0.997067448680352	dbCAN-sub
GH43_e82	GH43_10:63|CBM6:1	3.2.1.55:1	xylan	267	PUL0456|WP_094448662.1	520	3.196813549809864e-134	1	267	22	287	1.0	dbCAN-sub
CBM91_e4	CBM91:98|GH43_10:98|CE6:5|CBM6:3|GH43_29:1		xylan	204	PUL0456|WP_094448662.1	520	7.654754265749573e-84	1	203	315	515	0.9950980392156864	dbCAN-sub
GH43_e285	GH43_11:2705|GH43:7|GH43_12:2	3.2.1.37:21|3.2.1.55:3|3.2.1.-:1	arabinan;xylan	292	PUL0457|WP_017261048.1	542	7.189446614820772e-137	1	292	4	305	1.0	dbCAN-sub
CBM91_e24	CBM91:3225|GH43_11:3213|GH43_12:1|GH43:1		xylan	200	PUL0457|WP_017261048.1	542	5.665690902496322e-73	1	199	334	537	0.995	dbCAN-sub
GH30_e1	GH30_1:271|GH30:3|GH30_3:1		-	417	PUL0474|WP_012023638.1	487	2.3344426939357137e-212	2	416	72	486	0.9952038369304556	dbCAN-sub
GH30_e1	GH30_1:271|GH30:3|GH30_3:1		-	417	PUL0474|WP_012023639.1	487	1.1433457137917366e-213	2	416	71	486	0.9952038369304556	dbCAN-sub
GH3_e208	GH3:174	3.2.1.21:4	beta-glucan	231	PUL0474|WP_012023640.1	755	1.0117452021997135e-112	2	231	111	339	0.9956709956709956	dbCAN-sub
GH30_e43	GH30_3:262|CBM13:9|CBM6:2|CBM5:1	3.2.1.75:1	beta-glucan	409	PUL0474|WP_012023642.1	474	4.758634652214907e-207	2	409	66	474	0.9975550122249388	dbCAN-sub
GH3_e1	GH3:5872|GH16:4|CBM6:2|GH144:1	3.2.1.21:20|3.2.1.-:6	beta-glucan;xyloglucan	222	PUL0474|WP_012023643.1	743	1.2700474561815996e-111	1	222	92	313	1.0	dbCAN-sub
GH3_e1	GH3:5872|GH16:4|CBM6:2|GH144:1	3.2.1.21:20|3.2.1.-:6	beta-glucan;xyloglucan	222	PUL0480|WP_012025838.1	759	7.018040763688593e-105	1	222	106	326	1.0	dbCAN-sub
GH10_e139	GH10:11	3.2.1.8:1	xylan	320	PUL0480|WP_012025843.1	463	4.06532352898873e-194	1	320	141	460	1.0	dbCAN-sub
GH16_e209	GH16:11		-	245	PUL0480|WP_012025844.1	304	2.966545655122496e-135	1	245	54	300	1.0	dbCAN-sub
GH8_e12	GH8:49|GH43_2:6|CBM6:5|CE15:4	3.2.1.156:1	xylan	327	PUL0480|WP_012025845.1	430	4.8493688988189545e-193	1	327	93	419	1.0	dbCAN-sub
GH3_e50	GH3:695	3.2.1.37:4	xylan	223	PUL0508|BAD02389.1	770	2.507138554431643e-118	2	223	100	321	0.9955156950672646	dbCAN-sub
GH43_e285	GH43_11:2705|GH43:7|GH43_12:2	3.2.1.37:21|3.2.1.55:3|3.2.1.-:1	arabinan;xylan	292	PUL0520|AAQ62864.1	559	3.1213485993437053e-137	1	292	5	306	1.0	dbCAN-sub
CBM91_e24	CBM91:3225|GH43_11:3213|GH43_12:1|GH43:1		xylan	200	PUL0520|AAQ62864.1	559	1.8230285926813952e-73	1	199	335	538	0.995	dbCAN-sub
GH115_e0	GH115:692|GH3:1|CE15:1|CBM6:1|CE4:1	3.2.1.131:6	xylan	646	PUL0533|ALJ58215.1	859	6.749154958673095e-277	5	644	43	842	0.9907120743034056	dbCAN-sub
GH10_e62	GH10:9		-	249	PUL0533|ALJ58221.1	737	6.263677372775092e-147	4	249	495	734	0.9879518072289156	dbCAN-sub
GH30_e5	GH30_8:10		-	365	PUL0533|ALJ58222.1	546	1.1281805789879111e-240	1	365	137	501	1.0	dbCAN-sub
CE4_e323	CE4:22		-	123	PUL0542|ABI49936.1	204	2.5169684991832305e-64	1	123	7	129	1.0	dbCAN-sub
GH10_e135	GH10:152|GH43_12:2|CBM22:1	3.2.1.8:22	xylan	323	PUL0542|ABI49937.2	331	5.85721584829824e-166	2	321	10	329	0.9907120743034056	dbCAN-sub
GH67_e1	GH67:413|GH3:1	3.2.1.139:12|3.2.1.131:10	xylan	651	PUL0542|ABI49940.1	679	0.0	1	651	8	676	1.0	dbCAN-sub
GH39_e74	GH39:160	3.2.1.37:10	xylan	424	PUL0542|ABI49941.1	504	4.018073776391046e-211	1	423	14	438	0.9976415094339622	dbCAN-sub
GH10_e98	GH10:108|CBM22:34|CBM9:9	3.2.1.8:28	xylan	335	PUL0542|ABI49951.1	412	3.482363912561441e-167	2	334	55	410	0.9940298507462688	dbCAN-sub
GH52_e0	GH52:98	3.2.1.37:8	xylan	417	PUL0542|ABI49956.1	705	4.422814745758586e-205	1	417	21	440	1.0	dbCAN-sub
GH43_e285	GH43_11:2705|GH43:7|GH43_12:2	3.2.1.37:21|3.2.1.55:3|3.2.1.-:1	arabinan;xylan	292	PUL0542|ABI49959.1	535	2.0970405000149526e-156	1	292	5	303	1.0	dbCAN-sub
CBM91_e24	CBM91:3225|GH43_11:3213|GH43_12:1|GH43:1		xylan	200	PUL0542|ABI49959.1	535	3.940825960871708e-84	1	199	331	534	0.995	dbCAN-sub
GH43_e82	GH43_10:63|CBM6:1	3.2.1.55:1	xylan	267	PUL0553|CBK67940.1	534	1.6433254763743962e-148	1	267	31	300	1.0	dbCAN-sub
CBM91_e4	CBM91:98|GH43_10:98|CE6:5|CBM6:3|GH43_29:1		xylan	204	PUL0553|CBK67940.1	534	6.338909683431115e-100	1	203	326	528	0.9950980392156864	dbCAN-sub
GH3_e0	GH3:1894|GH67:1|CBM6:1|CBM32:1	3.2.1.37:92|3.2.1.55:39|3.2.1.21:1|3.2.1.6:1|3.2.1.73:1	arabinan;beta-glucan;xylan	251	PUL0553|CBK67941.1	861	2.784371349119036e-117	4	247	59	308	0.9721115537848606	dbCAN-sub
GH43_e124	GH43_12:138|GH10:7|GH43:1	3.2.1.55:7|3.2.1.8:1	xylan	295	PUL0553|CBK67943.1	555	4.23381258023712e-172	1	295	46	340	1.0	dbCAN-sub
CBM91_e46	CBM91:172|GH43_12:169|GH10:14|GH43_8:1		xylan	179	PUL0553|CBK67943.1	555	1.7640511863703634e-81	1	176	377	552	0.9832402234636872	dbCAN-sub
GH31_e94	GH31:154	3.2.1.177:4	xyloglucan	461	PUL0553|CBK67944.1	814	2.4170595034184603e-245	1	461	218	714	1.0	dbCAN-sub
GH97_e18	GH97:183|GH146:3|GH43_19:3|CE6:2	3.2.1.22:1|3.2.1.88:1	alpha-glucan;arabinan	633	PUL0553|CBK67945.1	658	0.0	4	632	27	656	0.9936808846761452	dbCAN-sub
GH43_e59	GH43_29:334|CBM6:308|CBM2:13|CBM13:12|CBM22:12|CBM42:12|GH43_10:9|GH43:9|CBM48:6|CE0:6|GH43_17:4|GH27:3|GH43_30:2|CE6:2|CBM64:1|CBM51:1|GH43_26:1|CBM1:1	3.2.1.37:2|3.2.1.55:2|3.2.1.8:1	xylan	281	PUL0553|CBK67946.1	443	2.2646000444036942e-126	1	281	26	298	1.0	dbCAN-sub
CBM6_e0	CBM6:335|GH43_29:310|CBM13:12|CBM22:12|CBM2:12|GH43_16:11|GH43:10|CBM48:6|CE0:6|GH27:2|CBM32:1|CBM36:1|CBM1:1|GH43_10:1|CBM64:1	3.2.1.8:1|3.2.1.37:1|3.2.1.55:1	beta-glucan;cellulose;xylan	125	PUL0553|CBK67946.1	443	8.199174426949603e-49	2	124	321	443	0.984	dbCAN-sub
GH43_e124	GH43_12:138|GH10:7|GH43:1	3.2.1.55:7|3.2.1.8:1	xylan	295	PUL0553|CBK67947.1	452	8.910506349521057e-107	83	295	30	241	0.7220338983050848	dbCAN-sub
CBM91_e46	CBM91:172|GH43_12:169|GH10:14|GH43_8:1		xylan	179	PUL0553|CBK67947.1	452	8.418629703751886e-64	2	177	274	452	0.9832402234636872	dbCAN-sub
CBM4_e6	CBM4:22|GH10:22|CBM0:7	3.2.1.8:5	xylan;beta-glucan	122	PUL0553|CBK67953.1	754	7.494483136923583e-33	25	121	141	252	0.7950819672131147	dbCAN-sub
CBM4_e6	CBM4:22|GH10:22|CBM0:7	3.2.1.8:5	xylan;beta-glucan	122	PUL0553|CBK67953.1	754	2.4490914846953938e-29	1	112	274	438	0.918032786885246	dbCAN-sub
GH10_e5	GH10:38|CBM4:15|CBM0:9	3.2.1.8:4	xylan	262	PUL0553|CBK67953.1	754	1.084075230756667e-136	1	262	486	750	1.0	dbCAN-sub
GH5_e243	GH5_21:28|GH43_10:5	3.2.1.8:2	xylan	275	PUL0553|CBK67955.1	652	1.7961827620866764e-162	1	275	69	349	1.0	dbCAN-sub
CE6_e2	CE6:151|CE0:39|CBM48:38|GH95:11|GH51:3|GH97:2|GH43_10:2|GH43_17:1|CBM5:1|CBM4:1|GH10:1|GH43_28:1|CBM88:1|CBM9:1	3.1.1.72:6|3.1.1.73:2	xylan	111	PUL0553|CBK67956.1	607	7.6339919923373575e-56	1	111	53	163	1.0	dbCAN-sub
CBM48_e9	CBM48:44|CE0:41|CE6:26|CBM6:6|GH43_29:6	3.1.1.72:2|3.1.1.73:1	alpha-glucan	60	PUL0553|CBK67956.1	607	3.103577401922389e-34	1	60	273	332	1.0	dbCAN-sub
CE1_e22	CE1:6|CBM48:2|CE0:2		-	206	PUL0553|CBK67956.1	607	1.1623428727498774e-64	3	205	383	600	0.9854368932038836	dbCAN-sub
GH43_e59	GH43_29:334|CBM6:308|CBM2:13|CBM13:12|CBM22:12|CBM42:12|GH43_10:9|GH43:9|CBM48:6|CE0:6|GH43_17:4|GH27:3|GH43_30:2|CE6:2|CBM64:1|CBM51:1|GH43_26:1|CBM1:1	3.2.1.37:2|3.2.1.55:2|3.2.1.8:1	xylan	281	PUL0553|CBK67957.1	461	2.5238581368897878e-133	1	280	27	314	0.99644128113879	dbCAN-sub
CBM6_e0	CBM6:335|GH43_29:310|CBM13:12|CBM22:12|CBM2:12|GH43_16:11|GH43:10|CBM48:6|CE0:6|GH27:2|CBM32:1|CBM36:1|CBM1:1|GH43_10:1|CBM64:1	3.2.1.8:1|3.2.1.37:1|3.2.1.55:1	beta-glucan;cellulose;xylan	125	PUL0553|CBK67957.1	461	3.154814055835665e-52	2	124	337	460	0.984	dbCAN-sub
GH95_e1	GH95:1763|CBM13:26|CBM2:14|CE6:11|CBM6:7|CBM32:5|CE8:2|GH29:1|CE12:1|CBM5:1|GH1:1	3.2.1.-:3|3.2.1.63:2	alpha-galactan;beta-fucosides	743	PUL0553|CBK67959.1	811	0.0	3	729	20	743	0.9784656796769852	dbCAN-sub
GH115_e0	GH115:692|GH3:1|CE15:1|CBM6:1|CE4:1	3.2.1.131:6	xylan	646	PUL0553|CBK67960.1	856	2.320789551963104e-279	2	645	44	840	0.9969040247678018	dbCAN-sub
GH67_e1	GH67:413|GH3:1	3.2.1.139:12|3.2.1.131:10	xylan	651	PUL0592|ACS99998.1	687	0.0	1	650	8	684	0.998463901689708	dbCAN-sub
GH10_e135	GH10:152|GH43_12:2|CBM22:1	3.2.1.8:22	xylan	323	PUL0592|ACS99999.1	341	1.0525839694089095e-161	2	322	12	332	0.9938080495356038	dbCAN-sub
GH43_e67	GH43_12:35|GH43:2	3.2.1.37:2|3.2.1.55:2	xylan	277	PUL0592|ACT00001.1	521	5.042343041206967e-153	1	277	13	289	1.0	dbCAN-sub
CBM91_e28	CBM91:215|GH43_12:206|GH43:7|GH43_14:1		xylan	199	PUL0592|ACT00001.1	521	8.690431213464215e-43	3	198	323	518	0.984924623115578	dbCAN-sub
GH51_e0	GH51:2271	3.2.1.55:37	arabinan	492	PUL0594|ACT02231.1	503	6.351980133373457e-241	2	491	6	499	0.9959349593495936	dbCAN-sub
GH95_e1	GH95:1763|CBM13:26|CBM2:14|CE6:11|CBM6:7|CBM32:5|CE8:2|GH29:1|CE12:1|CBM5:1|GH1:1	3.2.1.-:3|3.2.1.63:2	alpha-galactan;beta-fucosides	743	PUL0598|ADL50360.1	769	0.0	5	732	13	738	0.9798115746971736	dbCAN-sub
GH43_e285	GH43_11:2705|GH43:7|GH43_12:2	3.2.1.37:21|3.2.1.55:3|3.2.1.-:1	arabinan;xylan	292	PUL0599|ADL52305.1	528	2.4725631762314583e-158	1	292	5	295	1.0	dbCAN-sub
CBM91_e24	CBM91:3225|GH43_11:3213|GH43_12:1|GH43:1		xylan	200	PUL0599|ADL52305.1	528	2.35147354866121e-84	1	199	323	526	0.995	dbCAN-sub
GH10_e98	GH10:108|CBM22:34|CBM9:9	3.2.1.8:28	xylan	335	PUL0602|AEH48179.1	412	4.280258781666792e-164	2	334	50	410	0.9940298507462688	dbCAN-sub
GH39_e74	GH39:160	3.2.1.37:10	xylan	424	PUL0602|AEH48187.1	503	3.8012242078410896e-214	1	423	14	436	0.9976415094339622	dbCAN-sub
GH67_e1	GH67:413|GH3:1	3.2.1.139:12|3.2.1.131:10	xylan	651	PUL0602|AEH48188.1	683	0.0	1	651	8	680	1.0	dbCAN-sub
GH10_e135	GH10:152|GH43_12:2|CBM22:1	3.2.1.8:22	xylan	323	PUL0602|AEH48192.1	331	3.689931866281524e-167	2	322	10	330	0.9938080495356038	dbCAN-sub
GH52_e0	GH52:98	3.2.1.37:8	xylan	417	PUL0602|AEH48193.1	705	1.9508080121259428e-204	1	417	21	440	1.0	dbCAN-sub
CE4_e323	CE4:22		-	123	PUL0602|AEH48194.1	206	1.144644337140325e-62	1	123	12	134	1.0	dbCAN-sub
GH43_e17	CBM6:19|GH43_15:19		-	198	PUL0610|ACY47960.1	797	3.7520317892316777e-41	1	174	52	333	0.8787878787878788	dbCAN-sub
CBM91_e11	CBM91:21|CBM6:20|GH43_15:20|GH43:1		xylan	178	PUL0610|ACY47960.1	797	6.023153831298737e-36	1	178	362	556	1.0	dbCAN-sub
CBM6_e68	CBM6:23|GH43_15:21|CBM51:1|CBM88:1|CBM9:1|GH43:1		beta-glucan;cellulose;xylan	117	PUL0610|ACY47960.1	797	2.295172141454862e-34	1	116	572	695	0.9914529914529916	dbCAN-sub
CBM4_e1	CBM4:41|GH10:6|GH148:1	3.2.1.8:37	xylan;beta-glucan	135	PUL0610|ACY47961.1	997	6.772778428062394e-52	3	135	43	182	0.9851851851851852	dbCAN-sub
CBM4_e1	CBM4:41|GH10:6|GH148:1	3.2.1.8:37	xylan;beta-glucan	135	PUL0610|ACY47961.1	997	3.140612884677166e-54	3	135	217	356	0.9851851851851852	dbCAN-sub
GH10_e0	GH10:443|CBM4:6|CBM6:3|CBM22:2	3.2.1.8:6	xylan	284	PUL0610|ACY47961.1	997	9.372911692573682e-129	1	284	596	891	1.0	dbCAN-sub
GH10_e65	GH10:11|CBM85:2		-	293	PUL0610|ACY47966.1	498	5.2954839119553106e-151	1	293	80	388	1.0	dbCAN-sub
GH67_e0	GH67:722	3.2.1.139:4|3.2.1.131:3|3.2.1.-:1	xylan	668	PUL0610|ACY47971.1	726	0.0	1	667	26	694	0.998502994011976	dbCAN-sub
GH3_e209	GH3:161	3.2.1.21:1|3.2.1.37:1	beta-glucan;xylan	230	PUL0610|ACY47972.1	792	6.123753638439786e-115	1	230	111	340	1.0	dbCAN-sub
GH3_e209	GH3:161	3.2.1.21:1|3.2.1.37:1	beta-glucan;xylan	230	PUL0610|ACY47973.1	784	2.766190808267785e-115	1	230	103	332	1.0	dbCAN-sub
GH67_e0	GH67:722	3.2.1.139:4|3.2.1.131:3|3.2.1.-:1	xylan	668	PUL0617|NPD82008.1	642	2.311257386196339e-264	88	665	72	636	0.8652694610778443	dbCAN-sub
GH10_e83	GH10:216|GH43_12:4|GH43_1:3|CE0:2	3.2.1.8:21|3.2.1.55:1	xylan	341	PUL0617|NPD82011.1	375	2.08372247391133e-134	26	332	70	374	0.9002932551319648	dbCAN-sub
GH43_e53	GH43_1:1254|GH43_10:16|GH5_21:6|CBM6:5|GH43:4|GH10:3|GH43_33:2|GH43_32:2|GH43_34:1|GH43_29:1|GH117:1	3.2.1.37:19|3.2.1.55:4	xylan	310	PUL0617|NPD82012.1	323	8.561558314740603e-147	3	310	10	318	0.9935483870967742	dbCAN-sub
GH43_e68	GH43_35:30		-	338	PUL0617|NPD82013.1	689	3.052263025905672e-196	1	337	44	380	0.9970414201183432	dbCAN-sub
GH5_e243	GH5_21:28|GH43_10:5	3.2.1.8:2	xylan	275	PUL0617|NPD82015.1	421	2.0388783884082144e-118	1	274	69	341	0.9963636363636365	dbCAN-sub
CBM4_e6	CBM4:22|GH10:22|CBM0:7	3.2.1.8:5	xylan;beta-glucan	122	PUL0617|NPD82016.1	716	1.4984049618312785e-17	5	121	163	277	0.9590163934426228	dbCAN-sub
GH10_e5	GH10:38|CBM4:15|CBM0:9	3.2.1.8:4	xylan	262	PUL0617|NPD82016.1	716	2.7046892886371303e-120	1	262	448	712	1.0	dbCAN-sub
GH35_e43	GH35:828|CBM32:242|GH43_24:11	3.2.1.23:3	beta-galactan	314	PUL0619|NPE14440.1	800	2.7726331397788307e-146	1	314	41	368	1.0	dbCAN-sub
CBM32_e42	CBM32:247|GH35:243|GH43_24:9		host glycan	74	PUL0619|NPE14440.1	800	3.008523717928209e-30	2	70	731	799	0.9324324324324323	dbCAN-sub
GH128_e18	GH128:11|CBM3:2|CBM6:2|CBM62:1		-	208	PUL0620|NPE14635.1	1219	1.3517537154081234e-61	1	208	226	437	1.0	dbCAN-sub
GH51_e33	GH51:16|GH43_19:1		-	607	PUL0620|NPE14638.1	1430	2.7557912278748264e-230	3	605	196	810	0.9934102141680397	dbCAN-sub
GH43_e256	GH43_19:5		-	255	PUL0620|NPE14638.1	1430	1.9245800640434307e-38	1	255	878	1121	1.0	dbCAN-sub
PL11_e0	PL11_1:1283|CBM2:80|CE12:47|PL11:27|CBM35:19|CBM13:13|PL11_2:8|CBM3:6|CBM37:2|GH28:1|GH128:1|CBM0:1|CBM84:1|CBM88:1|CBM5:1|CBM66:1|GH44:1|GH105:1|CBM10:1	4.2.2.23:15|4.2.2.24:5	pectin	607	PUL0622|NPE14944.1	1505	1.4524384463127088e-179	3	590	16	618	0.9686985172981878	dbCAN-sub
GH3_e0	GH3:1894|GH67:1|CBM6:1|CBM32:1	3.2.1.37:92|3.2.1.55:39|3.2.1.21:1|3.2.1.6:1|3.2.1.73:1	arabinan;beta-glucan;xylan	251	PUL0622|NPE14945.1	863	1.1930264351111569e-111	3	248	58	308	0.9800796812749004	dbCAN-sub
GH43_e167	CBM13:44|GH43_7:43|GH43:2		-	239	PUL0622|NPE14946.1	480	3.811747926785636e-106	1	237	25	293	0.99163179916318	dbCAN-sub
CBM13_e223	CBM13:44|GH43_7:43|GH43:1		xylan;host glycan	114	PUL0622|NPE14946.1	480	5.831344327284463e-51	2	113	365	479	0.9824561403508772	dbCAN-sub
PL11_e0	PL11_1:1283|CBM2:80|CE12:47|PL11:27|CBM35:19|CBM13:13|PL11_2:8|CBM3:6|CBM37:2|GH28:1|GH128:1|CBM0:1|CBM84:1|CBM88:1|CBM5:1|CBM66:1|GH44:1|GH105:1|CBM10:1	4.2.2.23:15|4.2.2.24:5	pectin	607	PUL0622|NPE14947.1	870	7.085260544026214e-223	2	574	28	669	0.943986820428336	dbCAN-sub
GH2_e41	GH2:131	3.2.1.31:2	beta-glucuronan	481	PUL0622|NPE14948.1	992	1.6967911143164142e-109	28	278	26	275	0.5218295218295218	dbCAN-sub
GH2_e41	GH2:131	3.2.1.31:2	beta-glucuronan	481	PUL0622|NPE14948.1	992	2.6825330614471542e-126	274	481	304	511	0.4324324324324324	dbCAN-sub
GH43_e236	GH43_24:328|GH16_3:32|CBM13:6|GH30_5:6|GH43_19:6|CBM66:1|GH105:1|GH16:1|GH35:1		-	288	PUL0624|NPD91058.1	380	1.9252268647676002e-130	2	287	49	344	0.9930555555555556	dbCAN-sub
GH51_e33	GH51:16|GH43_19:1		-	607	PUL0624|NPD91060.1	1416	1.8986637680751357e-233	3	605	194	802	0.9934102141680397	dbCAN-sub
GH43_e256	GH43_19:5		-	255	PUL0624|NPD91060.1	1416	9.990339180543347e-35	1	254	871	1114	0.996078431372549	dbCAN-sub
GH128_e18	GH128:11|CBM3:2|CBM6:2|CBM62:1		-	208	PUL0624|NPD91068.1	1222	2.2713340382155782e-38	1	208	231	442	1.0	dbCAN-sub
GH43_e124	GH43_12:138|GH10:7|GH43:1	3.2.1.55:7|3.2.1.8:1	xylan	295	PUL0625|NPD92966.1	549	1.8107268891115278e-147	1	295	49	341	1.0	dbCAN-sub
CBM91_e46	CBM91:172|GH43_12:169|GH10:14|GH43_8:1		xylan	179	PUL0625|NPD92966.1	549	6.4459061940534026e-59	1	176	375	547	0.9832402234636872	dbCAN-sub
GH115_e0	GH115:692|GH3:1|CE15:1|CBM6:1|CE4:1	3.2.1.131:6	xylan	646	PUL0625|NPD92967.1	833	1.522896443595687e-258	11	644	39	818	0.9814241486068112	dbCAN-sub
GH43_e163	GH43_10:36|GH43_19:1		-	216	PUL0625|NPD92968.1	698	1.2202084995173745e-111	1	215	36	250	0.9953703703703703	dbCAN-sub
CBM91_e37	CBM91:51|GH43_10:51		xylan	186	PUL0625|NPD92968.1	698	1.3645689042516607e-79	1	186	362	547	1.0	dbCAN-sub
GH97_e18	GH97:183|GH146:3|GH43_19:3|CE6:2	3.2.1.22:1|3.2.1.88:1	alpha-glucan;arabinan	633	PUL0625|NPD92969.1	634	7.588758325870015e-301	7	633	13	633	0.990521327014218	dbCAN-sub
GH43_e59	GH43_29:334|CBM6:308|CBM2:13|CBM13:12|CBM22:12|CBM42:12|GH43_10:9|GH43:9|CBM48:6|CE0:6|GH43_17:4|GH27:3|GH43_30:2|CE6:2|CBM64:1|CBM51:1|GH43_26:1|CBM1:1	3.2.1.37:2|3.2.1.55:2|3.2.1.8:1	xylan	281	PUL0625|NPD92970.1	456	8.726325709221045e-132	1	280	22	310	0.99644128113879	dbCAN-sub
CBM6_e0	CBM6:335|GH43_29:310|CBM13:12|CBM22:12|CBM2:12|GH43_16:11|GH43:10|CBM48:6|CE0:6|GH27:2|CBM32:1|CBM36:1|CBM1:1|GH43_10:1|CBM64:1	3.2.1.8:1|3.2.1.37:1|3.2.1.55:1	beta-glucan;cellulose;xylan	125	PUL0625|NPD92970.1	456	7.263642850660392e-50	2	124	333	456	0.984	dbCAN-sub
CE1_e22	CE1:6|CBM48:2|CE0:2		-	206	PUL0625|NPD92971.1	621	2.447033713914229e-34	4	202	44	268	0.9660194174757282	dbCAN-sub
CBM48_e9	CBM48:44|CE0:41|CE6:26|CBM6:6|GH43_29:6	3.1.1.72:2|3.1.1.73:1	alpha-glucan	60	PUL0625|NPD92971.1	621	1.7353111138088249e-25	1	59	300	357	0.9833333333333332	dbCAN-sub
CE1_e22	CE1:6|CBM48:2|CE0:2		-	206	PUL0625|NPD92971.1	621	9.224389057971328e-50	3	206	409	616	0.9902912621359224	dbCAN-sub
GH95_e1	GH95:1763|CBM13:26|CBM2:14|CE6:11|CBM6:7|CBM32:5|CE8:2|GH29:1|CE12:1|CBM5:1|GH1:1	3.2.1.-:3|3.2.1.63:2	alpha-galactan;beta-fucosides	743	PUL0625|NPD92972.1	818	3.350062486034876e-297	2	729	23	753	0.9798115746971736	dbCAN-sub
GH115_e6	GH115:205|GH159:1		-	764	PUL0625|NPD92973.1	840	2.328361939677121e-274	9	763	26	823	0.988219895287958	dbCAN-sub
CE1_e24	CE1:8|CBM4:3|GH11:1|CBM88:1|CBM9:1|CBM6:1|CBM35:1	3.1.1.72:1|3.2.1.8:1	xylan	151	PUL0625|NPD92976.1	413	1.9352159917490903e-69	2	150	36	184	0.9867549668874172	dbCAN-sub
GH30_e76	GH30_8:28|CBM2:21|GH30:2|CBM10:1		-	358	PUL0625|NPD92977.1	502	4.704856334902213e-95	3	350	27	396	0.9720670391061452	dbCAN-sub
CBM4_e4	CBM4:7|GH10:7	3.2.1.8:7	xylan;beta-glucan	122	PUL0630|CCO21036.1	776	3.031578317158257e-72	2	122	167	285	0.9918032786885246	dbCAN-sub
CBM4_e4	CBM4:7|GH10:7	3.2.1.8:7	xylan;beta-glucan	122	PUL0630|CCO21036.1	776	9.929149516079059e-78	1	122	329	450	1.0	dbCAN-sub
GH10_e101	GH10:68|CBM4:40|CBM0:10	3.2.1.8:10	xylan	231	PUL0630|CCO21036.1	776	3.107120768822304e-88	2	231	518	755	0.9956709956709956	dbCAN-sub
GH115_e0	GH115:692|GH3:1|CE15:1|CBM6:1|CE4:1	3.2.1.131:6	xylan	646	PUL0630|CCO21037.1	790	8.680031640159637e-296	12	644	2	775	0.979876160990712	dbCAN-sub
CE20_e20	CE20:241		-	236	PUL0630|CCO21038.1	841	5.469777257084824e-87	1	235	98	526	0.9957627118644068	dbCAN-sub
GH11_e22	GH11:319|CBM36:55|CBM6:32|CE4:19|GH10:4|CBM60:3|CBM1:3|CE3:1|CE6:1|CBM5:1|CBM88:1|CBM2:1	3.2.1.8:66|3.1.1.72:5	xylan	181	PUL0630|CCO21038.1	841	7.429537334395463e-94	1	181	651	831	1.0	dbCAN-sub
GH10_e83	GH10:216|GH43_12:4|GH43_1:3|CE0:2	3.2.1.8:21|3.2.1.55:1	xylan	341	PUL0630|CCO21040.1	376	1.5088741325337543e-167	1	340	33	372	0.997067448680352	dbCAN-sub
GH43_e53	GH43_1:1254|GH43_10:16|GH5_21:6|CBM6:5|GH43:4|GH10:3|GH43_33:2|GH43_32:2|GH43_34:1|GH43_29:1|GH117:1	3.2.1.37:19|3.2.1.55:4	xylan	310	PUL0630|CCO21041.1	318	6.898684888059829e-155	3	309	9	314	0.9903225806451612	dbCAN-sub
GH43_e124	GH43_12:138|GH10:7|GH43:1	3.2.1.55:7|3.2.1.8:1	xylan	295	PUL0648|WP_006843630.1	574	3.546280280731202e-168	1	295	62	356	1.0	dbCAN-sub
CBM91_e46	CBM91:172|GH43_12:169|GH10:14|GH43_8:1		xylan	179	PUL0648|WP_006843630.1	574	5.535133082004307e-81	1	179	393	571	1.0	dbCAN-sub
GH43_e53	GH43_1:1254|GH43_10:16|GH5_21:6|CBM6:5|GH43:4|GH10:3|GH43_33:2|GH43_32:2|GH43_34:1|GH43_29:1|GH117:1	3.2.1.37:19|3.2.1.55:4	xylan	310	PUL0648|WP_006843631.1	323	7.1925055405607784e-152	1	310	7	316	1.0	dbCAN-sub
GH146_e0	GH146:409|GH97:3|GH43_19:1|GH43_34:1|CBM13:1	3.2.1.185:1	arabinan	511	PUL0648|WP_006843636.1	787	6.778708365294401e-256	2	511	35	543	0.9980430528375732	dbCAN-sub
CBM48_e9	CBM48:44|CE0:41|CE6:26|CBM6:6|GH43_29:6	3.1.1.72:2|3.1.1.73:1	alpha-glucan	60	PUL0648|WP_006843638.1	383	1.41716572452573e-33	1	60	47	106	1.0	dbCAN-sub
CE1_e22	CE1:6|CBM48:2|CE0:2		-	206	PUL0648|WP_006843638.1	383	6.53303602001072e-61	4	205	160	375	0.9805825242718448	dbCAN-sub
GH8_e12	GH8:49|GH43_2:6|CBM6:5|CE15:4	3.2.1.156:1	xylan	327	PUL0648|WP_006843639.1	427	3.1166713243304384e-169	1	327	88	417	1.0	dbCAN-sub
CE6_e2	CE6:151|CE0:39|CBM48:38|GH95:11|GH51:3|GH97:2|GH43_10:2|GH43_17:1|CBM5:1|CBM4:1|GH10:1|GH43_28:1|CBM88:1|CBM9:1	3.1.1.72:6|3.1.1.73:2	xylan	111	PUL0648|WP_006843640.1	282	2.1892725078883142e-54	1	110	89	199	0.990990990990991	dbCAN-sub
GH43_e59	GH43_29:334|CBM6:308|CBM2:13|CBM13:12|CBM22:12|CBM42:12|GH43_10:9|GH43:9|CBM48:6|CE0:6|GH43_17:4|GH27:3|GH43_30:2|CE6:2|CBM64:1|CBM51:1|GH43_26:1|CBM1:1	3.2.1.37:2|3.2.1.55:2|3.2.1.8:1	xylan	281	PUL0648|WP_006843641.1	451	7.928800762655247e-141	1	281	23	305	1.0	dbCAN-sub
CBM6_e0	CBM6:335|GH43_29:310|CBM13:12|CBM22:12|CBM2:12|GH43_16:11|GH43:10|CBM48:6|CE0:6|GH27:2|CBM32:1|CBM36:1|CBM1:1|GH43_10:1|CBM64:1	3.2.1.8:1|3.2.1.37:1|3.2.1.55:1	beta-glucan;cellulose;xylan	125	PUL0648|WP_006843641.1	451	1.0067261335250232e-47	2	124	327	450	0.984	dbCAN-sub
GH43_e59	GH43_29:334|CBM6:308|CBM2:13|CBM13:12|CBM22:12|CBM42:12|GH43_10:9|GH43:9|CBM48:6|CE0:6|GH43_17:4|GH27:3|GH43_30:2|CE6:2|CBM64:1|CBM51:1|GH43_26:1|CBM1:1	3.2.1.37:2|3.2.1.55:2|3.2.1.8:1	xylan	281	PUL0648|WP_006843642.1	444	1.2649650819676511e-123	1	281	27	299	1.0	dbCAN-sub
CBM6_e0	CBM6:335|GH43_29:310|CBM13:12|CBM22:12|CBM2:12|GH43_16:11|GH43:10|CBM48:6|CE0:6|GH27:2|CBM32:1|CBM36:1|CBM1:1|GH43_10:1|CBM64:1	3.2.1.8:1|3.2.1.37:1|3.2.1.55:1	beta-glucan;cellulose;xylan	125	PUL0648|WP_006843642.1	444	7.879465408958889e-40	2	124	322	444	0.984	dbCAN-sub
GH97_e18	GH97:183|GH146:3|GH43_19:3|CE6:2	3.2.1.22:1|3.2.1.88:1	alpha-glucan;arabinan	633	PUL0648|WP_006843643.1	646	0.0	4	632	16	644	0.9936808846761452	dbCAN-sub
GH31_e94	GH31:154	3.2.1.177:4	xyloglucan	461	PUL0648|WP_006843644.1	815	2.334827399331008e-240	1	461	219	715	1.0	dbCAN-sub
GH51_e33	GH51:16|GH43_19:1		-	607	PUL0648|WP_006843647.1	810	8.68561136932741e-237	2	606	209	807	0.9967051070840196	dbCAN-sub
GH43_e223	GH43_29:16|CBM13:1|GH43_34:1		-	283	PUL0648|WP_006843648.1	318	3.98338515865052e-168	1	283	24	306	1.0	dbCAN-sub
CE1_e22	CE1:6|CBM48:2|CE0:2		-	206	PUL0648|WP_006843649.1	656	1.134570080820816e-85	2	206	58	272	0.9951456310679612	dbCAN-sub
CBM48_e68	CBM48:192|CE0:190|CE6:12|GH10:3|CE1:2|GH62:1	3.1.1.73:1|3.2.1.55:1|3.2.1.8:1	alpha-glucan	61	PUL0648|WP_006843649.1	656	3.863127787980246e-29	1	61	317	376	1.0	dbCAN-sub
CE1_e22	CE1:6|CBM48:2|CE0:2		-	206	PUL0648|WP_006843649.1	656	5.544570949191593e-74	2	206	425	651	0.9951456310679612	dbCAN-sub
GH43_e82	GH43_10:63|CBM6:1	3.2.1.55:1	xylan	267	PUL0648|WP_006843651.1	515	1.3718633290444119e-117	1	267	31	300	1.0	dbCAN-sub
CBM91_e51	CBM91:206|GH43_10:196|CBM22:29|CBM6:17|GH43_16:15|GH43:7|CBM2:6|CE0:2|CBM13:2|CBM88:2|CBM9:2|GH43_29:1|CE6:1|CBM5:1|GH30_10:1		xylan	186	PUL0648|WP_006843651.1	515	1.2619005784723073e-74	2	185	334	511	0.989247311827957	dbCAN-sub
GH115_e0	GH115:692|GH3:1|CE15:1|CBM6:1|CE4:1	3.2.1.131:6	xylan	646	PUL0648|WP_006843652.1	839	1.6317560888269196e-298	2	645	35	827	0.9969040247678018	dbCAN-sub
CE20_e20	CE20:241		-	236	PUL0648|WP_006843653.1	643	2.881800686180706e-87	1	234	103	530	0.9915254237288136	dbCAN-sub
GH10_e83	GH10:216|GH43_12:4|GH43_1:3|CE0:2	3.2.1.8:21|3.2.1.55:1	xylan	341	PUL0648|WP_006843655.1	383	1.947076311918675e-167	2	340	36	374	0.9941348973607038	dbCAN-sub
GH43_e53	GH43_1:1254|GH43_10:16|GH5_21:6|CBM6:5|GH43:4|GH10:3|GH43_33:2|GH43_32:2|GH43_34:1|GH43_29:1|GH117:1	3.2.1.37:19|3.2.1.55:4	xylan	310	PUL0648|WP_006843656.1	324	6.810844568378672e-155	2	310	8	316	0.9967741935483873	dbCAN-sub
GH67_e0	GH67:722	3.2.1.139:4|3.2.1.131:3|3.2.1.-:1	xylan	668	PUL0648|WP_006843657.1	676	0.0	80	667	67	652	0.8802395209580839	dbCAN-sub
GH10_e83	GH10:216|GH43_12:4|GH43_1:3|CE0:2	3.2.1.8:21|3.2.1.55:1	xylan	341	PUL0648|WP_018075007.1	376	2.1020944011234096e-166	1	340	22	361	0.997067448680352	dbCAN-sub
CBM4_e6	CBM4:22|GH10:22|CBM0:7	3.2.1.8:5	xylan;beta-glucan	122	PUL0648|WP_026177106.1	735	1.3488871468396325e-29	15	121	131	248	0.8770491803278688	dbCAN-sub
CBM4_e6	CBM4:22|GH10:22|CBM0:7	3.2.1.8:5	xylan;beta-glucan	122	PUL0648|WP_026177106.1	735	5.441496362222038e-26	1	121	270	444	0.9918032786885246	dbCAN-sub
GH10_e5	GH10:38|CBM4:15|CBM0:9	3.2.1.8:4	xylan	262	PUL0648|WP_026177106.1	735	1.2720378581003308e-130	1	262	476	731	1.0	dbCAN-sub
GH43_e124	GH43_12:138|GH10:7|GH43:1	3.2.1.55:7|3.2.1.8:1	xylan	295	PUL0669|WP_004289591.1	577	5.277761002468786e-155	1	295	71	366	1.0	dbCAN-sub
CBM91_e46	CBM91:172|GH43_12:169|GH10:14|GH43_8:1		xylan	179	PUL0669|WP_004289591.1	577	1.902105378543716e-66	1	177	398	577	0.988826815642458	dbCAN-sub
GH5_e243	GH5_21:28|GH43_10:5	3.2.1.8:2	xylan	275	PUL0669|WP_004289598.1	662	1.3434073152183045e-163	1	275	78	358	1.0	dbCAN-sub
GH31_e94	GH31:154	3.2.1.177:4	xyloglucan	461	PUL0669|WP_004289604.1	817	4.3646686319946505e-232	1	461	220	717	1.0	dbCAN-sub
GH35_e44	GH35:96		-	181	PUL0669|WP_004294234.1	569	8.275316834779951e-88	1	180	35	214	0.994475138121547	dbCAN-sub
CE20_e6	CE20:16		-	232	PUL0669|WP_004294235.1	543	3.503789334505679e-80	1	231	105	536	0.9956896551724138	dbCAN-sub
GH43_e53	GH43_1:1254|GH43_10:16|GH5_21:6|CBM6:5|GH43:4|GH10:3|GH43_33:2|GH43_32:2|GH43_34:1|GH43_29:1|GH117:1	3.2.1.37:19|3.2.1.55:4	xylan	310	PUL0669|WP_004294236.1	323	1.8018381215913296e-155	1	309	8	317	0.9967741935483873	dbCAN-sub
GH115_e0	GH115:692|GH3:1|CE15:1|CBM6:1|CE4:1	3.2.1.131:6	xylan	646	PUL0669|WP_004294239.1	860	3.575534859034948e-273	2	645	37	845	0.9969040247678018	dbCAN-sub
CE15_e21	CE15:21|GH8:4|GH10:3|CBM9:1|CBM4:1	3.1.1.-:1	-	322	PUL0669|WP_004294240.1	813	4.0238977210663476e-173	1	322	58	380	1.0	dbCAN-sub
GH8_e12	GH8:49|GH43_2:6|CBM6:5|CE15:4	3.2.1.156:1	xylan	327	PUL0669|WP_004294240.1	813	1.431022482762351e-185	1	327	475	801	1.0	dbCAN-sub
GH97_e18	GH97:183|GH146:3|GH43_19:3|CE6:2	3.2.1.22:1|3.2.1.88:1	alpha-glucan;arabinan	633	PUL0669|WP_004294241.1	648	0.0	5	632	18	646	0.9921011058451816	dbCAN-sub
CBM4_e6	CBM4:22|GH10:22|CBM0:7	3.2.1.8:5	xylan;beta-glucan	122	PUL0669|WP_004294246.1	719	1.613627571476613e-24	3	121	308	423	0.9754098360655736	dbCAN-sub
GH10_e5	GH10:38|CBM4:15|CBM0:9	3.2.1.8:4	xylan	262	PUL0669|WP_004294246.1	719	7.700250175127095e-136	1	262	451	715	1.0	dbCAN-sub
GH67_e0	GH67:722	3.2.1.139:4|3.2.1.131:3|3.2.1.-:1	xylan	668	PUL0669|WP_017141108.1	651	4.683641969929615e-297	79	667	47	616	0.8817365269461078	dbCAN-sub
CBM48_e68	CBM48:192|CE0:190|CE6:12|GH10:3|CE1:2|GH62:1	3.1.1.73:1|3.2.1.55:1|3.2.1.8:1	alpha-glucan	61	PUL0669|WP_029429358.1	382	8.362682490322226e-26	1	60	49	108	0.9836065573770492	dbCAN-sub
CE1_e22	CE1:6|CBM48:2|CE0:2		-	206	PUL0669|WP_029429358.1	382	1.4172465886696049e-59	3	206	159	377	0.9902912621359224	dbCAN-sub
GH43_e101	GH43_10:132|CBM22:17|CBM6:15|GH43_16:11|CBM2:10|GH10:5|GH43_2:4|GH43:3|GH62:2|CBM88:2|CBM9:2|CE6:1|GH8:1|CBM60:1		-	267	PUL0669|WP_050793236.1	813	4.388401499839738e-137	1	267	30	296	1.0	dbCAN-sub
CBM91_e51	CBM91:206|GH43_10:196|CBM22:29|CBM6:17|GH43_16:15|GH43:7|CBM2:6|CE0:2|CBM13:2|CBM88:2|CBM9:2|GH43_29:1|CE6:1|CBM5:1|GH30_10:1		xylan	186	PUL0669|WP_050793236.1	813	9.975732883607866e-96	2	185	333	516	0.989247311827957	dbCAN-sub
GH95_e1	GH95:1763|CBM13:26|CBM2:14|CE6:11|CBM6:7|CBM32:5|CE8:2|GH29:1|CE12:1|CBM5:1|GH1:1	3.2.1.-:3|3.2.1.63:2	alpha-galactan;beta-fucosides	743	PUL0669|WP_232286955.1	716	6.807053697579063e-271	85	729	4	649	0.8681022880215343	dbCAN-sub
CE6_e2	CE6:151|CE0:39|CBM48:38|GH95:11|GH51:3|GH97:2|GH43_10:2|GH43_17:1|CBM5:1|CBM4:1|GH10:1|GH43_28:1|CBM88:1|CBM9:1	3.1.1.72:6|3.1.1.73:2	xylan	111	PUL0669|WP_232286957.1	370	2.149831292340781e-54	1	111	92	202	1.0	dbCAN-sub
GH97_e18	GH97:183|GH146:3|GH43_19:3|CE6:2	3.2.1.22:1|3.2.1.88:1	alpha-glucan;arabinan	633	PUL0682|MCF0243542.1	647	1.1721175720635823e-290	6	632	19	646	0.990521327014218	dbCAN-sub
CBM89_e0	CBM89:12|GH10:9		xylan	312	PUL0682|MCF0243543.1	849	1.617822883455304e-148	1	312	61	366	1.0	dbCAN-sub
GH10_e38	GH10:8	3.2.1.8:3|3.2.1.-:1	xylan	318	PUL0682|MCF0243543.1	849	4.731406345512331e-86	2	316	477	791	0.9905660377358492	dbCAN-sub
GH43_e124	GH43_12:138|GH10:7|GH43:1	3.2.1.55:7|3.2.1.8:1	xylan	295	PUL0682|MCF0243544.1	573	1.7017414200270836e-155	1	295	61	355	1.0	dbCAN-sub
CBM91_e46	CBM91:172|GH43_12:169|GH10:14|GH43_8:1		xylan	179	PUL0682|MCF0243544.1	573	2.718115776444463e-58	1	172	392	569	0.9608938547486032	dbCAN-sub
GH43_e118	GH43_10:43|CBM22:4|CE0:2|CBM6:1|GH10:1|GH43_16:1	3.2.1.55:2|3.2.1.8:1	xylan	269	PUL0694|WP_015906806.1	1338	2.0749878177122336e-113	1	269	49	314	1.0	dbCAN-sub
CBM22_e12	CBM22:56|CBM6:52|GH43_16:52|GH43_10:9|GH10:4|CBM3:2|CBM60:1|CE15:1|CBM5:1	3.2.1.8:4|3.2.1.55:3|3.2.1.37:1|3.2.1.-:1	xylan;beta-glucan	130	PUL0694|WP_015906806.1	1338	9.420098109365804e-38	2	128	372	493	0.9769230769230768	dbCAN-sub
CBM91_e51	CBM91:206|GH43_10:196|CBM22:29|CBM6:17|GH43_16:15|GH43:7|CBM2:6|CE0:2|CBM13:2|CBM88:2|CBM9:2|GH43_29:1|CE6:1|CBM5:1|GH30_10:1		xylan	186	PUL0694|WP_015906806.1	1338	3.7738017408428844e-80	3	185	534	711	0.9838709677419356	dbCAN-sub
GH43_e261	GH43_16:637|CBM6:630|CBM22:66|CBM36:43|GH43_10:40|CBM13:21|GH43:12|CBM2:6|GH10:4|CBM3:3|CBM5:2|CBM35:1|CBM42:1|GH43_34:1	3.2.1.55:11|3.2.1.8:2|3.2.1.-:2|3.2.1.37:1	arabinan;xylan	297	PUL0694|WP_015906806.1	1338	1.3808160308615972e-147	1	293	880	1188	0.9865319865319864	dbCAN-sub
CBM6_e6	CBM6:625|GH43_16:614|CBM22:56|CBM36:43|CBM13:18|GH43_10:14|CBM2:8|GH10:5|CBM3:3|CE0:2|CBM35:1|GH43:1|CBM5:1	3.2.1.55:13|3.2.1.8:3|3.2.1.-:2|3.2.1.37:1	beta-glucan;cellulose;xylan	127	PUL0694|WP_015906806.1	1338	2.386456613840161e-45	1	126	1212	1337	0.9921259842519684	dbCAN-sub
CBM22_e1	CBM22:72|GH10:71|CBM9:47|CBM86:3|CE15:2|CBM4:1	3.2.1.8:20|3.2.1.37:1	xylan;beta-glucan	131	PUL0694|WP_015906807.1	697	3.2786748847178053e-34	3	126	40	161	0.9465648854961832	dbCAN-sub
CBM22_e1	CBM22:72|GH10:71|CBM9:47|CBM86:3|CE15:2|CBM4:1	3.2.1.8:20|3.2.1.37:1	xylan;beta-glucan	131	PUL0694|WP_015906807.1	697	2.5660726048099226e-41	3	130	194	322	0.9770992366412212	dbCAN-sub
GH10_e141	GH10:111|CBM22:60|CBM9:34|CBM3:11|GH5_1:6|GH48:3|CE15:2|CBM6:2|GH43_16:2|CBM4:1	3.2.1.8:29|3.2.1.4:5|3.2.1.55:1|3.2.1.37:1|3.2.1.-:1	beta-glucan;xylan	317	PUL0694|WP_015906807.1	697	1.8761670570760897e-147	1	316	354	674	0.996845425867508	dbCAN-sub
GH39_e74	GH39:160	3.2.1.37:10	xylan	424	PUL0694|WP_015906808.1	501	1.4205605465190945e-208	1	423	15	436	0.9976415094339622	dbCAN-sub
GH10_e10	GH10:18	3.2.1.8:5	xylan	325	PUL0694|WP_015906809.1	337	1.7239354236534072e-181	1	325	13	337	1.0	dbCAN-sub
CE1_e22	CE1:6|CBM48:2|CE0:2		-	206	PUL0694|WP_015906810.1	265	9.667023156937283e-18	14	203	39	255	0.9223300970873788	dbCAN-sub
GH39_e57	GH39:36	3.2.1.37:3	xylan	424	PUL0694|WP_015906811.1	388	2.5556214065391416e-196	1	375	13	387	0.8844339622641509	dbCAN-sub
CBM22_e1	CBM22:72|GH10:71|CBM9:47|CBM86:3|CE15:2|CBM4:1	3.2.1.8:20|3.2.1.37:1	xylan;beta-glucan	131	PUL0695|WP_015907195.1	689	1.2383248792202627e-34	3	130	47	174	0.9770992366412212	dbCAN-sub
CBM22_e1	CBM22:72|GH10:71|CBM9:47|CBM86:3|CE15:2|CBM4:1	3.2.1.8:20|3.2.1.37:1	xylan;beta-glucan	131	PUL0695|WP_015907195.1	689	1.054261982312795e-33	1	128	197	326	0.9770992366412212	dbCAN-sub
GH10_e141	GH10:111|CBM22:60|CBM9:34|CBM3:11|GH5_1:6|GH48:3|CE15:2|CBM6:2|GH43_16:2|CBM4:1	3.2.1.8:29|3.2.1.4:5|3.2.1.55:1|3.2.1.37:1|3.2.1.-:1	beta-glucan;xylan	317	PUL0695|WP_015907195.1	689	6.757870109261899e-140	1	316	361	682	0.996845425867508	dbCAN-sub
GH67_e1	GH67:413|GH3:1	3.2.1.139:12|3.2.1.131:10	xylan	651	PUL0696|WP_015907396.1	693	0.0	1	650	14	689	0.998463901689708	dbCAN-sub
GH2_e31	GH2:132|GH43_24:3		-	562	PUL0696|WP_041727352.1	810	4.08085434410053e-219	4	560	3	591	0.9911032028469752	dbCAN-sub
CE20_e20	CE20:241		-	236	PUL0697|WP_015909018.1	628	2.940449441587789e-86	1	235	83	516	0.9957627118644068	dbCAN-sub
CE4_e323	CE4:22		-	123	PUL0697|WP_015909019.1	265	6.994692526819049e-18	3	119	12	129	0.951219512195122	dbCAN-sub
GH10_e77	GH10:53	3.2.1.8:7	xylan	312	PUL0697|WP_015909020.1	408	5.729990358617497e-154	1	311	35	353	0.9967948717948718	dbCAN-sub
GH115_e0	GH115:692|GH3:1|CE15:1|CBM6:1|CE4:1	3.2.1.131:6	xylan	646	PUL0704|WP_031425585.1	948	0.0	2	645	36	935	0.9969040247678018	dbCAN-sub
CBM4_e26	CBM4:30|GH10:30		xylan;beta-glucan	139	PUL0704|WP_031425586.1	731	2.7661162675034547e-39	7	138	168	298	0.9496402877697842	dbCAN-sub
CBM4_e26	CBM4:30|GH10:30		xylan;beta-glucan	139	PUL0704|WP_031425586.1	731	4.122184102561128e-35	1	138	328	453	0.9928057553956836	dbCAN-sub
GH10_e101	GH10:68|CBM4:40|CBM0:10	3.2.1.8:10	xylan	231	PUL0704|WP_031425586.1	731	7.508429598496634e-104	2	231	490	715	0.9956709956709956	dbCAN-sub
GH43_e53	GH43_1:1254|GH43_10:16|GH5_21:6|CBM6:5|GH43:4|GH10:3|GH43_33:2|GH43_32:2|GH43_34:1|GH43_29:1|GH117:1	3.2.1.37:19|3.2.1.55:4	xylan	310	PUL0704|WP_031425593.1	371	7.454231816338153e-160	2	310	54	362	0.9967741935483873	dbCAN-sub
CE20_e33	CE20:279|GH33:1|CBM35:1		-	256	PUL0704|WP_031425594.1	640	9.312133065317572e-96	2	255	103	531	0.9921875	dbCAN-sub
GH10_e7	GH10:66|CBM22:2|CBM4:1|CBM9:1|CBM13:1	3.2.1.8:1	xylan	329	PUL0704|WP_035916775.1	374	8.948602293194369e-158	1	328	42	371	0.9969604863221884	dbCAN-sub
CE15_e21	CE15:21|GH8:4|GH10:3|CBM9:1|CBM4:1	3.1.1.-:1	-	322	PUL0704|WP_081868360.1	791	3.2095015898669203e-155	1	322	57	384	1.0	dbCAN-sub
CBM9_e7	CBM9:10|CBM88:5|CE4:1|GH8:1|CE15:1|CE6:1|GH43_10:1|CBM35:1|GH39:1|GH11:1|CE1:1|CBM6:1|GH43:1|GH30_8:1|GH10:1		cellulose	183	PUL0704|WP_081868360.1	791	4.880070410420239e-59	1	182	522	706	0.994535519125683	dbCAN-sub
GH67_e0	GH67:722	3.2.1.139:4|3.2.1.131:3|3.2.1.-:1	xylan	668	PUL0704|WP_117434191.1	724	0.0	1	667	25	695	0.998502994011976	dbCAN-sub
GH97_e18	GH97:183|GH146:3|GH43_19:3|CE6:2	3.2.1.22:1|3.2.1.88:1	alpha-glucan;arabinan	633	PUL0705|WP_031425947.1	653	0.0	4	632	16	642	0.9936808846761452	dbCAN-sub
GH8_e12	GH8:49|GH43_2:6|CBM6:5|CE15:4	3.2.1.156:1	xylan	327	PUL0705|WP_035916826.1	432	1.1502686887506473e-179	1	327	95	421	1.0	dbCAN-sub
GH10_e83	GH10:216|GH43_12:4|GH43_1:3|CE0:2	3.2.1.8:21|3.2.1.55:1	xylan	341	PUL0705|WP_035916828.1	379	1.4820937183071732e-162	2	340	38	376	0.9941348973607038	dbCAN-sub
GH43_e124	GH43_12:138|GH10:7|GH43:1	3.2.1.55:7|3.2.1.8:1	xylan	295	PUL0705|WP_051907767.1	584	2.8249827327267434e-169	1	295	71	365	1.0	dbCAN-sub
CBM91_e46	CBM91:172|GH43_12:169|GH10:14|GH43_8:1		xylan	179	PUL0705|WP_051907767.1	584	7.891472404151166e-83	1	178	402	579	0.994413407821229	dbCAN-sub
GH95_e1	GH95:1763|CBM13:26|CBM2:14|CE6:11|CBM6:7|CBM32:5|CE8:2|GH29:1|CE12:1|CBM5:1|GH1:1	3.2.1.-:3|3.2.1.63:2	alpha-galactan;beta-fucosides	743	PUL0705|WP_051907768.1	834	0.0	2	729	38	768	0.9798115746971736	dbCAN-sub
CBM4_e26	CBM4:30|GH10:30		xylan;beta-glucan	139	PUL0705|WP_051907770.1	562	6.614221752501622e-29	3	138	162	291	0.9784172661870504	dbCAN-sub
GH10_e101	GH10:68|CBM4:40|CBM0:10	3.2.1.8:10	xylan	231	PUL0705|WP_051907770.1	562	7.08033161210563e-110	2	231	326	555	0.9956709956709956	dbCAN-sub
GH43_e101	GH43_10:132|CBM22:17|CBM6:15|GH43_16:11|CBM2:10|GH10:5|GH43_2:4|GH43:3|GH62:2|CBM88:2|CBM9:2|CE6:1|GH8:1|CBM60:1		-	267	PUL0705|WP_081868372.1	922	4.0505452913766676e-137	1	267	432	698	1.0	dbCAN-sub
CBM91_e51	CBM91:206|GH43_10:196|CBM22:29|CBM6:17|GH43_16:15|GH43:7|CBM2:6|CE0:2|CBM13:2|CBM88:2|CBM9:2|GH43_29:1|CE6:1|CBM5:1|GH30_10:1		xylan	186	PUL0705|WP_081868372.1	922	9.08682790868386e-84	2	185	735	916	0.989247311827957	dbCAN-sub
CE6_e2	CE6:151|CE0:39|CBM48:38|GH95:11|GH51:3|GH97:2|GH43_10:2|GH43_17:1|CBM5:1|CBM4:1|GH10:1|GH43_28:1|CBM88:1|CBM9:1	3.1.1.72:6|3.1.1.73:2	xylan	111	PUL0705|WP_081868373.1	894	7.581075285816525e-58	1	111	88	198	1.0	dbCAN-sub
CE1_e22	CE1:6|CBM48:2|CE0:2		-	206	PUL0705|WP_081868373.1	894	3.065366752145052e-83	2	206	314	527	0.9951456310679612	dbCAN-sub
CBM48_e68	CBM48:192|CE0:190|CE6:12|GH10:3|CE1:2|GH62:1	3.1.1.73:1|3.2.1.55:1|3.2.1.8:1	alpha-glucan	61	PUL0705|WP_081868373.1	894	2.981243408176335e-26	2	61	567	625	0.9836065573770492	dbCAN-sub
CE1_e22	CE1:6|CBM48:2|CE0:2		-	206	PUL0705|WP_081868373.1	894	1.1920001488582069e-56	3	206	675	888	0.9902912621359224	dbCAN-sub
GH43_e53	GH43_1:1254|GH43_10:16|GH5_21:6|CBM6:5|GH43:4|GH10:3|GH43_33:2|GH43_32:2|GH43_34:1|GH43_29:1|GH117:1	3.2.1.37:19|3.2.1.55:4	xylan	310	PUL0722|WP_203394764.1	345	2.6754966777159293e-157	1	310	23	338	1.0	dbCAN-sub
GH10_e20	GH10:67	3.2.1.8:2	xylan	337	PUL0722|WP_203394766.1	382	9.805640245782077e-170	1	336	37	376	0.9970326409495548	dbCAN-sub
GH10_e125	GH10:236	3.2.1.-:1	xylan	349	PUL0722|WP_203394771.1	400	5.128247378140143e-198	1	348	46	393	0.997134670487106	dbCAN-sub
GH26_e26	GH26:11		-	167	PUL0722|WP_203394778.1	338	6.992675597733742e-86	1	166	130	301	0.994011976047904	dbCAN-sub
GH43_e267	GH43_12:61|GH43:1		-	292	PUL0722|WP_203394779.1	555	2.6180826053916303e-157	1	292	37	328	1.0	dbCAN-sub
CBM91_e29	CBM91:53|GH43_12:53		xylan	196	PUL0722|WP_203394779.1	555	3.5506295676670027e-75	3	192	365	550	0.9693877551020408	dbCAN-sub
GH10_e39	GH10:11		-	324	PUL0722|WP_203394780.1	361	1.1007002250300554e-188	1	324	35	358	1.0	dbCAN-sub
GH10_e142	GH10:12		-	313	PUL0722|WP_203394781.1	451	2.645654305801382e-180	1	313	138	449	1.0	dbCAN-sub
CBM4_e16	CBM4:6		xylan;beta-glucan	120	PUL0722|WP_203394782.1	415	1.8103743659490366e-53	1	120	125	242	1.0	dbCAN-sub
CBM4_e16	CBM4:6		xylan;beta-glucan	120	PUL0722|WP_203394782.1	415	4.037661071238491e-56	1	120	276	394	1.0	dbCAN-sub
GH3_e0	GH3:1894|GH67:1|CBM6:1|CBM32:1	3.2.1.37:92|3.2.1.55:39|3.2.1.21:1|3.2.1.6:1|3.2.1.73:1	arabinan;beta-glucan;xylan	251	PUL0722|WP_203394785.1	885	2.676927593445418e-125	4	245	74	319	0.9641434262948207	dbCAN-sub
GH109_e5	GH109:463		-	399	PUL0722|WP_249988932.1	380	5.3206706933712514e-17	4	168	39	198	0.4135338345864661	dbCAN-sub
GH51_e19	GH51:1621	3.2.1.55:27	arabinan	489	PUL0743|WP_015924760.1	492	6.621680618495636e-249	2	488	4	491	0.9959100204498976	dbCAN-sub
GH43_e128	GH43_10:29		-	272	PUL0743|WP_015924762.1	500	4.3146349682601564e-153	1	271	5	275	0.9963235294117648	dbCAN-sub
CBM91_e48	CBM91:36|GH43_10:36		xylan	193	PUL0743|WP_015924762.1	500	7.464713895785107e-79	2	191	308	497	0.9844559585492229	dbCAN-sub
GH8_e36	GH8:166	3.2.1.156:5	xylan	312	PUL0743|WP_015924763.1	376	5.0258397619612186e-157	1	312	56	368	1.0	dbCAN-sub
GH39_e74	GH39:160	3.2.1.37:10	xylan	424	PUL0743|WP_015924764.1	501	2.612776633606208e-208	1	423	14	436	0.9976415094339622	dbCAN-sub
CE1_e22	CE1:6|CBM48:2|CE0:2		-	206	PUL0743|WP_015924765.1	265	8.912638422208764e-17	18	200	45	254	0.8883495145631068	dbCAN-sub
CE20_e33	CE20:279|GH33:1|CBM35:1		-	256	PUL0743|WP_041706618.1	631	1.7907912272436114e-87	1	255	90	522	0.99609375	dbCAN-sub
GH10_e137	GH10:66|CBM22:59|CBM9:55|CE4:18|CBM2:14|CBM0:4|CBM5:4	3.2.1.8:2	xylan	329	PUL0792|WP_226555413.1	824	6.013792691988608e-142	4	328	57	393	0.9878419452887538	dbCAN-sub
CBM9_e2	CBM9:58|GH10:58|CBM22:53|CE4:18|CBM2:7|CBM0:5|CBM5:4	3.2.1.8:2	cellulose	171	PUL0792|WP_226555413.1	824	8.075881389356484e-61	4	170	581	754	0.9766081871345028	dbCAN-sub
GH120_e0	GH120:143	3.2.1.37:3	xylan	65	PUL0792|WP_226849177.1	664	8.407409919911946e-21	4	57	2	55	0.8307692307692308	dbCAN-sub
GH120_e3	GH120:16		-	91	PUL0792|WP_226849177.1	664	1.04936373870628e-28	1	90	314	402	0.989010989010989	dbCAN-sub
GH43_e285	GH43_11:2705|GH43:7|GH43_12:2	3.2.1.37:21|3.2.1.55:3|3.2.1.-:1	arabinan;xylan	292	PUL0792|WP_226849180.1	542	2.5714198572983504e-134	1	292	4	303	1.0	dbCAN-sub
CBM91_e24	CBM91:3225|GH43_11:3213|GH43_12:1|GH43:1		xylan	200	PUL0792|WP_226849180.1	542	2.510489638737482e-74	1	199	332	536	0.995	dbCAN-sub
GH8_e36	GH8:166	3.2.1.156:5	xylan	312	PUL0792|WP_226849184.1	377	3.3346987697901264e-151	1	312	54	370	1.0	dbCAN-sub
CE20_e19	CE20:74		-	106	PUL0792|WP_226849186.1	458	2.2698213623506268e-48	1	106	240	345	1.0	dbCAN-sub
