pangenome_name	Spot	system_name	organism	borders	nb_system	nb_organism	mean_nb_genes	max_nb_genes	min_nb_genes
Acinetobacter_baumannii	1	'RosmerTA: 27, RM_Type_II: 26, PD-T7-1: 4, PD-T7-5: 4, AbiH: 3, PD-T4-5: 3, PD-T4-7: 2, SEFIR: 2'	'GCF_014705825.1_ASM1470582v1: 4, GCF_018831125.1_ASM1883112v1: 3, GCF_012931625.1_ASM1293162v1: 2, GCF_012931645.1_ASM1293164v1: 2, GCF_000018445.1_ASM1844v1: 2, GCF_005519135.1_ASM551913v1: 2, GCA_002762545.2_ASM276254v2: 2, GCF_004768705.1_ASM476870v1: 2, GCF_005280675.1_ASM528067v1: 2, GCF_005280695.1_ASM528069v1: 2, GCF_009455505.1_ASM945550v1: 2, GCF_013305465.1_ASM1330546v1: 2, GCA_005280395.1_ASM528039v1: 1, GCF_008802935.1_ASM880293v1: 1, GCF_012935125.1_ASM1293512v1: 1, GCF_001573065.1_ASM157306v1: 1, GCF_003812065.1_ASM381206v1: 1, GCF_013394285.1_ASM1339428v1: 1, GCA_000189735.2_ASM18973v2: 1, GCF_000498375.2_ASM49837v2: 1, GCF_000828935.1_ASM82893v1: 1, GCF_004194555.1_ASM419455v1: 1, GCF_004564115.1_ASM456411v1: 1, GCF_005280435.1_ASM528043v1: 1, GCF_008124045.1_ASM812404v1: 1, GCF_013416275.1_ASM1341627v1: 1, GCF_014159355.1_ASM1415935v1: 1, GCF_015910475.1_ASM1591047v1: 1, GCF_017639875.1_ASM1763987v1: 1, GCF_017723975.1_ASM1772397v1: 1, GCF_017724115.1_ASM1772411v1: 1, GCF_017724155.1_ASM1772415v1: 1, GCF_017724195.1_ASM1772419v1: 1, GCF_017724215.1_ASM1772421v1: 1, GCF_017726495.1_ASM1772649v1: 1, GCF_017726555.1_ASM1772655v1: 1, GCF_017742855.1_ASM1774285v1: 1, GCF_001806345.1_ASM180634v1: 1, GCF_002082685.1_ASM208268v1: 1, GCF_003264255.1_ASM326425v1: 1, GCF_003264295.1_ASM326429v1: 1, GCF_003288775.1_ASM328877v1: 1, GCF_007647215.1_ASM764721v1: 1, GCF_008807055.1_ASM880705v1: 1, GCF_012934945.1_ASM1293494v1: 1, GCF_012934965.1_ASM1293496v1: 1, GCF_012935045.1_ASM1293504v1: 1, GCF_012935025.1_ASM1293502v1: 1, GCF_012935065.1_ASM1293506v1: 1, GCF_012935165.1_ASM1293516v1: 1, GCF_017096345.1_ASM1709634v1: 1, GCF_018604365.1_ASM1860436v1: 1, GCF_003812385.1_ASM381238v1: 1, GCF_012935005.1_ASM1293500v1: 1, GCF_900093475.1_36734_D01_2: 1, GCF_013377175.1_ASM1337717v1: 1'	B7L41_RS12860,AB895_RS00315,TE32_RS07360,CSB68_RS05770,IEE82_08045,ABAYE_RS08035	71	56	109.0	113	99
Acinetobacter_baumannii	4	'Septu: 4'	'GCF_001077965.2_ASM107796v2: 1, GCF_003812065.1_ASM381206v1: 1, GCF_004564095.1_ASM456409v1: 1, GCF_004564115.1_ASM456411v1: 1'	AUO97_RS05420,FDB76_18400,ABZJ_RS04805,Aba3207_RS10180,ABR2091_RS17130,CUC60_008005	4	4	28.17	42	11
Acinetobacter_baumannii	5	'SspBCDE: 134, AbiZ: 1, Gabija: 1, Lamassu-Fam: 1, Rst_3HP: 1, Gao_Qat: 1, PD-T7-2: 1, Mokosh_TypeI: 1, CBASS_I: 1, CBASS_II: 1, RM_Type_I: 1, RM_Type_IIG: 1'	'GCF_014169655.1_ASM1416965v1: 2, GCF_007107525.1_ASM710752v1: 2, GCF_005280675.1_ASM528067v1: 2, GCF_014874575.1_ASM1487457v1: 2, GCA_005280395.1_ASM528039v1: 1, GCF_008124045.1_ASM812404v1: 1, GCA_000189735.2_ASM18973v2: 1, GCA_003627485.2_ASM362748v2: 1, GCF_000018445.1_ASM1844v1: 1, GCF_000187205.2_ASM18720v4: 1, GCF_000188215.1_ASM18821v1: 1, GCF_000226275.2_ASM22627v2: 1, GCF_000302575.1_ASM30257v1: 1, GCF_000419385.1_ASM41938v1: 1, GCF_000419425.1_ASM41942v1: 1, GCF_000498375.2_ASM49837v2: 1, GCF_001026965.1_ASM102696v1: 1, GCF_001514375.1_ASM151437v1: 1, GCF_001543995.1_ASM154399v1: 1, GCF_001573065.1_ASM157306v1: 1, GCF_001573085.1_ASM157308v1: 1, GCF_001573105.1_ASM157310v1: 1, GCF_001573125.1_ASM157312v1: 1, GCF_001668465.2_ASM166846v2: 1, GCF_001674475.2_ASM167447v2: 1, GCF_001669145.2_ASM166914v2: 1, GCF_001674505.2_ASM167450v2: 1, GCF_001806365.1_ASM180636v1: 1, GCF_001806385.1_ASM180638v1: 1, GCF_001806405.1_ASM180640v1: 1, GCF_001806445.1_ASM180644v1: 1, GCF_001806485.1_ASM180648v1: 1, GCF_001806465.1_ASM180646v1: 1, GCF_001887305.1_ASM188730v1: 1, GCF_001895985.1_ASM189598v1: 1, GCF_001902375.1_ASM190237v1: 1, GCF_001922205.1_ASM192220v1: 1, GCF_001922225.1_ASM192222v1: 1, GCF_001922245.1_ASM192224v1: 1, GCF_002082625.2_ASM208262v2: 1, GCF_002082645.1_ASM208264v1: 1, GCF_002082685.1_ASM208268v1: 1, GCF_002082725.1_ASM208272v1: 1, GCF_002082745.1_ASM208274v1: 1, GCF_002082845.1_ASM208284v1: 1, GCF_002082865.1_ASM208286v1: 1, GCF_002082885.1_ASM208288v1: 1, GCF_002753915.1_ASM275391v1: 1, GCF_002761575.1_ASM276157v1: 1, GCF_002762095.1_ASM276209v1: 1, GCF_002762115.1_ASM276211v1: 1, GCF_002762155.1_ASM276215v1: 1, GCF_002843665.1_ASM284366v1: 1, GCF_002947415.1_ASM294741v1: 1, GCF_002950495.2_ASM295049v2: 1, GCF_003010655.1_ASM301065v1: 1, GCF_003029495.1_ASM302949v1: 1, GCF_003181015.1_ASM318101v1: 1, GCF_003264255.1_ASM326425v1: 1, GCF_003264275.1_ASM326427v1: 1, GCF_003264295.1_ASM326429v1: 1, GCF_003288775.1_ASM328877v1: 1, GCF_003516005.1_ASM351600v1: 1, GCF_003522785.1_ASM352278v1: 1, GCF_003522885.1_ASM352288v1: 1, GCF_003591615.1_ASM359161v1: 1, GCF_003812225.1_ASM381222v1: 1, GCF_003812205.1_ASM381220v1: 1, GCF_003931755.1_ASM393175v1: 1, GCF_003931775.1_ASM393177v1: 1, GCF_003948455.2_ASM394845v2: 1, GCF_003948535.2_ASM394853v2: 1, GCF_003949595.2_ASM394959v2: 1, GCF_004101685.1_ASM410168v1: 1, GCF_004101705.1_ASM410170v1: 1, GCF_004101725.1_ASM410172v1: 1, GCF_004101745.1_ASM410174v1: 1, GCF_004136355.1_ASM413635v1: 1, GCF_005280375.1_ASM528037v1: 1, GCF_005280695.1_ASM528069v1: 1, GCF_005280715.1_ASM528071v1: 1, GCF_005519135.1_ASM551913v1: 1, GCF_005671375.1_ASM567137v1: 1, GCF_007221455.1_ASM722145v1: 1, GCF_007647215.1_ASM764721v1: 1, GCF_008033255.2_ASM803325v2: 1, GCF_008244865.1_ASM824486v1: 1, GCF_008244885.1_ASM824488v1: 1, GCF_008244905.1_ASM824490v1: 1, GCF_008807055.1_ASM880705v1: 1, GCF_009455505.1_ASM945550v1: 1, GCF_009498335.1_ASM949833v1: 1, GCF_011067065.1_ASM1106706v1: 1, GCF_012272715.1_ASM1227271v1: 1, GCF_012272735.1_ASM1227273v1: 1, GCF_012272755.1_ASM1227275v1: 1, GCF_012272775.1_ASM1227277v1: 1, GCF_012272795.1_ASM1227279v1: 1, GCF_012934925.1_ASM1293492v1: 1, GCF_012934945.1_ASM1293494v1: 1, GCF_012934965.1_ASM1293496v1: 1, GCF_012934985.1_ASM1293498v1: 1, GCF_012935045.1_ASM1293504v1: 1, GCF_012935025.1_ASM1293502v1: 1, GCF_012935065.1_ASM1293506v1: 1, GCF_012935145.1_ASM1293514v1: 1, GCF_012935165.1_ASM1293516v1: 1, GCF_012974845.1_ASM1297484v1: 1, GCF_013376855.2_ASM1337685v2: 1, GCF_013305465.1_ASM1330546v1: 1, GCF_014267385.1_ASM1426738v1: 1, GCF_014705785.1_ASM1470578v1: 1, GCF_014705805.1_ASM1470580v1: 1, GCF_014705825.1_ASM1470582v1: 1, GCF_014705845.1_ASM1470584v1: 1, GCF_014705865.1_ASM1470586v1: 1, GCF_014705885.1_ASM1470588v1: 1, GCF_015732435.1_ASM1573243v1: 1, GCF_015870765.1_ASM1587076v1: 1, GCF_015870965.1_ASM1587096v1: 1, GCF_016350005.1_ASM1635000v1: 1, GCF_016350065.1_ASM1635006v1: 1, GCF_016350085.1_ASM1635008v1: 1, GCF_016350105.1_ASM1635010v1: 1, GCF_016865465.1_ASM1686546v1: 1, GCF_016903135.1_ASM1690313v1: 1, GCF_016903215.1_ASM1690321v1: 1, GCF_017096345.1_ASM1709634v1: 1, GCF_017096325.1_ASM1709632v1: 1, GCF_017096365.1_ASM1709636v1: 1, GCF_017096385.1_ASM1709638v1: 1, GCF_017096405.1_ASM1709640v1: 1, GCF_017096425.1_ASM1709642v1: 1, GCF_017098185.1_ASM1709818v1: 1, GCF_017098205.1_ASM1709820v1: 1, GCF_017098225.1_ASM1709822v1: 1, GCF_017098265.1_ASM1709826v1: 1, GCF_018454385.1_ASM1845438v1: 1, GCF_018604365.1_ASM1860436v1: 1, GCF_900088705.1_26872B01: 1, GCF_008802935.1_ASM880293v1: 1'	B856_17550,CUC60_002695,AOT18_RS15600,CTZ18_RS15265,AYR67_RS14485,IX88_RS05645	145	141	11.62	34	5
Acinetobacter_baumannii	7	'CBASS_I: 18, CBASS_II: 15, Gao_TerY: 1, Mokosh_TypeI: 1, CBASS_III: 1, SanaTA: 1'	'GCF_001895125.2_ASM189512v2: 5, GCF_004564095.1_ASM456409v1: 3, GCF_004564115.1_ASM456411v1: 3, GCF_013787185.1_ASM1378718v1: 2, GCF_002902885.1_ASM290288v1: 2, GCF_002947845.1_ASM294784v1: 2, GCF_003948085.2_ASM394808v2: 2, GCF_003949115.2_ASM394911v2: 2, GCF_003949725.2_ASM394972v2: 2, GCF_007107525.1_ASM710752v1: 2, GCF_012931665.1_ASM1293166v1: 2, GCF_013416275.1_ASM1341627v1: 2, GCF_016864315.1_ASM1686431v1: 2, GCF_016864335.1_ASM1686433v1: 2, GCF_016864915.1_ASM1686491v1: 2, GCF_015910475.1_ASM1591047v1: 2'	RR41_RS17875,FDB76_12705,OCUAC_RS16690,TE32_RS18560,ABZJ_RS07025,Aba10324_RS12075	37	16	71.0	71	71
Acinetobacter_baumannii	14	'Thoeris_II: 12, DRT_3: 5, Shedu: 2, DarTG: 2, BREX: 2, BREX_I: 2, RM_Type_I: 2, Lamassu-Fam: 1, Druantia_III: 1, PARIS_I: 1, PARIS_II: 1, Hachiman: 1, Menshen: 1'	'GCF_013416255.1_ASM1341625v1: 4, GCF_017726575.1_ASM1772657v1: 4, GCF_001077965.2_ASM107796v2: 3, GCF_013416275.1_ASM1341627v1: 2, GCF_009740145.1_ASM974014v1: 1, GCF_013394285.1_ASM1339428v1: 1, GCF_002116925.1_ASM211692v1: 1, GCF_009035845.1_ASM903584v1: 1, GCF_009759685.1_ASM975968v1: 1, GCF_014672755.1_ASM1467275v1: 1, GCF_015910475.1_ASM1591047v1: 1, GCF_004194555.1_ASM419455v1: 1, GCA_000015425.1_ASM1542v1: 1, GCF_001077675.1_ASM107767v1: 1, GCF_001593425.2_ASM159342v2: 1, GCF_001941765.1_ASM194176v1: 1, GCF_004028375.1_ASM402837v1: 1, GCF_004797155.2_ASM479715v2: 1, GCF_008630895.1_ASM863089v1: 1, GCF_013372085.1_ASM1337208v1: 1, GCF_014169655.1_ASM1416965v1: 1, GCF_014672775.1_ASM1467277v1: 1, GCF_005280675.1_ASM528067v1: 1, GCF_900093475.1_36734_D01_2: 1'	FDF39_01955,P795_RS04005,C6W84_00030,FDF35_00445,B6S64_RS15810,Aba9102_RS14825	33	24	43.26	104	9
Acinetobacter_baumannii	21	'RM_Type_I: 13, DarTG: 12, BREX: 8, BREX_I: 8, PsyrTA: 7, ShosTA: 7, Zorya_TypeI: 5, Gao_Ppl: 1, Lamassu-Fam: 1, Menshen: 1, CBASS_I: 1, RM_Type_III: 1, RM_Type_IV: 1'	'GCF_000786735.1_ASM78673v1: 5, GCF_001077655.1_ASM107765v1: 5, GCF_001908295.1_ASM190829v1: 5, GCF_004758865.1_ASM475886v1: 5, GCF_012935085.1_ASM1293508v1: 5, GCF_012935105.1_ASM1293510v1: 5, GCF_012935125.1_ASM1293512v1: 5, GCF_003812385.1_ASM381238v1: 3, GCF_001077555.2_ASM107755v2: 3, GCF_002082645.1_ASM208264v1: 3, GCF_002996805.1_ASM299680v1: 3, GCF_014169655.1_ASM1416965v1: 2, GCA_005280395.1_ASM528039v1: 2, GCF_001578145.1_ASM157814v1: 2, GCF_013394285.1_ASM1339428v1: 2, GCF_014874575.1_ASM1487457v1: 2, GCF_000814345.1_ASM81434v1: 2, GCF_002082805.1_ASM208280v1: 1, GCF_004028375.1_ASM402837v1: 1, GCF_000746605.1_ASM74660v1: 1, GCF_002116925.1_ASM211692v1: 1, GCF_009035845.1_ASM903584v1: 1, GCF_009759685.1_ASM975968v1: 1, GCF_014672755.1_ASM1467275v1: 1'	CUC60_013635,KAB01_RS06455,B7L45_RS13140,ABTJ_RS12900,EP550_RS06025,AbD4_RS05895	66	24	75.33	90	65
Acinetobacter_baumannii	26	'Gabija: 1'	'GCF_017753625.1_ASM1775362v1: 1'	HYI42_17060,HIN88_RS06490,ABUW_RS07450,KAB07_RS12140,AXK18_14630,DN067_RS06020	1	1	41.53	76	17
Acinetobacter_baumannii	28	'PARIS_I: 14, PARIS_II: 14, Shedu: 13, Abi2: 1, AbiD: 1, Lamassu-Fam: 1, Rst_HelicaseDUF2290: 1, dCTPdeaminase: 1, DRT_3: 1, PD-Lambda-1: 1, PrrC: 1, RM_Type_I: 1, RM_Type_III: 1'	'GCF_014672735.1_ASM1467273v1: 2, GCF_013394285.1_ASM1339428v1: 2, GCF_013377175.1_ASM1337717v1: 2, GCA_005280415.1_ASM528041v1: 2, GCF_000419405.1_ASM41940v1: 2, GCF_000786735.1_ASM78673v1: 2, GCF_001077655.1_ASM107765v1: 2, GCF_001578145.1_ASM157814v1: 2, GCF_001908295.1_ASM190829v1: 2, GCF_002082805.1_ASM208280v1: 2, GCF_003522705.1_ASM352270v1: 2, GCF_004758865.1_ASM475886v1: 2, GCF_012935085.1_ASM1293508v1: 2, GCF_012935105.1_ASM1293510v1: 2, GCF_012935125.1_ASM1293512v1: 2, GCF_012974585.1_ASM1297458v1: 2, GCF_018831465.1_ASM1883146v1: 2, GCF_005280675.1_ASM528067v1: 1, GCF_000018445.1_ASM1844v1: 1, GCF_000188215.1_ASM18821v1: 1, GCF_000498375.2_ASM49837v2: 1, GCF_000828795.1_ASM82879v1: 1, GCF_001806345.1_ASM180634v1: 1, GCF_001806385.1_ASM180638v1: 1, GCF_002753915.1_ASM275391v1: 1, GCF_002947415.1_ASM294741v1: 1, GCF_003029495.1_ASM302949v1: 1, GCF_003181015.1_ASM318101v1: 1, GCF_003812225.1_ASM381222v1: 1, GCF_005519135.1_ASM551913v1: 1, GCF_007221455.1_ASM722145v1: 1, GCF_008931365.1_ASM893136v1: 1, GCF_008802935.1_ASM880293v1: 1, GCF_001077555.2_ASM107755v2: 1'	ABTJ_RS01085,HYI42_11120,H0S62_RS05345,Aba3207_RS10180,ABR2091_RS17130,CUC60_008005	51	34	10.0	10	10
Acinetobacter_baumannii	30	'RM_Type_II: 7, RM_Type_IV: 6, Menshen: 5, DarTG: 1'	'GCF_017753625.1_ASM1775362v1: 3, GCF_002116925.1_ASM211692v1: 3, GCF_009035845.1_ASM903584v1: 3, GCF_009759685.1_ASM975968v1: 3, GCF_014672755.1_ASM1467275v1: 3, GCF_015910475.1_ASM1591047v1: 3, GCF_016864915.1_ASM1686491v1: 1'	DKE39_011980,ABTW07_2059,IOMTU433_RS09170,ABR2091_RS09805,CUC60_018790,E4K02_RS05605	19	7	88.83	148	30
Acinetobacter_baumannii	31	'Gabija: 12, Druantia_III: 7, dGTPase: 6, RosmerTA: 5, Gao_Qat: 2, AbiL: 1, RloC: 1, AVAST_III: 1, DRT8: 1, Menshen: 1, Mokosh_TypeI: 1'	'GCF_013787185.1_ASM1378718v1: 2, GCF_013416275.1_ASM1341627v1: 2, GCF_000505685.1_ASM50568v2: 1, GCF_000828935.1_ASM82893v1: 1, GCF_005280435.1_ASM528043v1: 1, GCF_017639875.1_ASM1763987v1: 1, GCF_017723975.1_ASM1772397v1: 1, GCF_017724115.1_ASM1772411v1: 1, GCF_017724155.1_ASM1772415v1: 1, GCF_017724195.1_ASM1772419v1: 1, GCF_017724215.1_ASM1772421v1: 1, GCF_017726495.1_ASM1772649v1: 1, GCF_017726555.1_ASM1772655v1: 1, GCF_017742855.1_ASM1774285v1: 1, GCF_900093475.1_36734_D01_2: 1, GCF_003948085.2_ASM394808v2: 1, GCF_003949115.2_ASM394911v2: 1, GCF_003949725.2_ASM394972v2: 1, GCF_016864295.1_ASM1686429v1: 1, GCF_016864335.1_ASM1686433v1: 1, GCF_016864915.1_ASM1686491v1: 1, GCF_007107525.1_ASM710752v1: 1, GCF_001077555.2_ASM107755v2: 1, GCA_005280415.1_ASM528041v1: 1, GCF_000786735.1_ASM78673v1: 1, GCF_001077655.1_ASM107765v1: 1, GCF_001908295.1_ASM190829v1: 1, GCF_002082805.1_ASM208280v1: 1, GCF_004758865.1_ASM475886v1: 1, GCF_012935125.1_ASM1293512v1: 1, GCF_002902885.1_ASM290288v1: 1, GCF_004028375.1_ASM402837v1: 1, GCF_008632635.1_ASM863263v1: 1, GCF_013416255.1_ASM1341625v1: 1, GCF_014169655.1_ASM1416965v1: 1, GCF_017726575.1_ASM1772657v1: 1'	F9K57_RS08585,ABD1_RS09155,BL01_RS12410,C6W84_4680,ABTJ_RS09390,AM435_RS03390	38	36	86.21	112	17
Acinetobacter_baumannii	34	'CAS_Class1-Subtype-I-F: 4'	'GCF_001077965.2_ASM107796v2: 1, GCF_009740145.1_ASM974014v1: 1, GCF_012931605.1_ASM1293160v1: 1, GCF_018135585.1_ASM1813558v1: 1'	HYI42_05040,D8O08_019270,CUC60_001125,DLD53_RS08470,HB366_RS14310,AB57_RS04950	4	4	17.0	17	17
Acinetobacter_baumannii	35	'RM_Type_II: 1'	'GCF_001806385.1_ASM180638v1: 1'	AN415_RS13535,ABCIP7010_RS05070,AB895_RS12720,B7L41_RS12860,AB895_RS00315,TE32_RS07360	1	1	7.18	65	4
Acinetobacter_baumannii	36	'RM_Type_I: 4, RM_Type_IV: 3, DRT_2: 2, Gao_Qat: 2, RM_Type_IIG: 2, RM_Type_III: 2, Uzume: 1'	'GCF_000419405.1_ASM41940v1: 4, GCF_001578145.1_ASM157814v1: 4, GCF_018135585.1_ASM1813558v1: 2, GCF_001077965.2_ASM107796v2: 2, GCF_002504145.1_ASM250414v1: 1, GCF_013394265.1_ASM1339426v1: 1, GCF_014322245.1_ASM1432224v1: 1, GCF_014874575.1_ASM1487457v1: 1'	IEE82_16225,EP560_RS01975,ABD1_RS02670,Aba9201_RS10905,AB237_RS16590,DKE39_016155	16	8	67.12	104	19
Acinetobacter_baumannii	37	'PD-T4-5: 14, PD-T7-1: 14, PD-T7-5: 14, RM_Type_II: 1'	'GCF_001077655.1_ASM107765v1: 3, GCF_005280435.1_ASM528043v1: 3, GCF_012935085.1_ASM1293508v1: 3, GCF_012935105.1_ASM1293510v1: 3, GCF_012935125.1_ASM1293512v1: 3, GCF_017639875.1_ASM1763987v1: 3, GCF_017723975.1_ASM1772397v1: 3, GCF_017724115.1_ASM1772411v1: 3, GCF_017724155.1_ASM1772415v1: 3, GCF_017724195.1_ASM1772419v1: 3, GCF_017724215.1_ASM1772421v1: 3, GCF_017726495.1_ASM1772649v1: 3, GCF_017726555.1_ASM1772655v1: 3, GCF_017742855.1_ASM1774285v1: 3, GCF_001895125.2_ASM189512v2: 1'	ABTW07_1341,ACICU_RS05935,CUC60_013685,AYR67_RS12345,IEE82_13350,AB57_RS06290	43	15	12.71	24	6
Acinetobacter_baumannii	39	'CAS_Class1-Subtype-I-F: 1'	'GCA_003012895.2_ASM301289v2: 1'	M3Q_RS15015,ABK1_RS14155,FDF35_01500,Aba5845_RS01010,ABZJ_RS01030,B856_01115	1	1	13.0	13	13
Acinetobacter_baumannii	40	'PARIS_II_merge: 6, AbiU: 4, NLR_like_bNACHT01: 1, Retron_I_C: 1, Retron_XII: 1, PD-Lambda-5: 1, RM_Type_II: 1'	'GCF_014672735.1_ASM1467273v1: 2, GCF_002948925.1_ASM294892v1: 2, GCF_003948085.2_ASM394808v2: 1, GCF_003949115.2_ASM394911v2: 1, GCF_003949725.2_ASM394972v2: 1, GCF_016864315.1_ASM1686431v1: 1, GCF_000505685.1_ASM50568v2: 1, GCA_003012895.2_ASM301289v2: 1, GCF_002082725.1_ASM208272v1: 1, GCF_002082745.1_ASM208274v1: 1, GCF_003812385.1_ASM381238v1: 1, GCF_011067065.1_ASM1106706v1: 1, GCF_012931605.1_ASM1293160v1: 1'	ABD1_RS00475,J6B58_RS00570,J6B58_RS00565,HYI42_09505,AB237_RS18970,P795_RS17010	15	13	11.24	28	5
Acinetobacter_baumannii	45	'Gabija: 18, Retron_III: 12, Retron_VI: 4, Lamassu-Fam: 3, AVAST_IV: 3, Dsr_I: 1, Gao_Her_SIR: 1, PD-T7-2: 1, Retron_I_B: 1, RM_Type_II: 1, RM_Type_IIG: 1'	'GCF_000505685.1_ASM50568v2: 3, GCF_019076685.1_ASM1907668v1: 3, GCF_000021245.2_ASM2124v2: 1, GCF_000069245.1_ASM6924v1: 1, GCF_000830055.1_ASM83005v1: 1, GCF_000963815.1_ASM96381v1: 1, GCF_002082825.1_ASM208282v1: 1, GCF_002210065.1_ASM221006v1: 1, GCF_002741415.1_ASM274141v1: 1, GCF_002996805.1_ASM299680v1: 1, GCF_002999195.2_ASM299919v2: 1, GCF_003296225.1_ASM329622v1: 1, GCF_003522845.1_ASM352284v1: 1, GCF_006385075.1_ASM638507v1: 1, GCF_012935005.1_ASM1293500v1: 1, GCF_016127515.1_ASM1612751v1: 1, GCF_018831465.1_ASM1883146v1: 1, GCF_900478145.1_34555_D01: 1, GCF_002803025.2_ASM280302v2: 1, GCF_003431865.1_ASM343186v1: 1, GCF_003547115.1_ASM354711v1: 1, GCF_008632635.1_ASM863263v1: 1, GCF_001457535.1_CIP70.10: 1, GCF_001517645.1_R2091: 1, GCF_014874575.1_ASM1487457v1: 1, GCF_013394265.1_ASM1339426v1: 1, GCF_000761175.1_ASM76117v1: 1, GCF_000746645.1_ASM74664v1: 1, GCF_000814345.1_ASM81434v1: 1, GCF_001636235.1_ASM163623v1: 1, GCF_001896005.1_ASM189600v1: 1, GCF_002947845.1_ASM294784v1: 1, GCF_003010675.1_ASM301067v1: 1, GCF_003345235.1_ASM334523v1: 1, GCF_003522665.1_ASM352266v1: 1, GCF_003812485.1_ASM381248v1: 1, GCF_009497995.1_ASM949799v1: 1, GCF_001399655.1_ASM139965v1: 1, GCF_004564095.1_ASM456409v1: 1, GCF_004564115.1_ASM456411v1: 1, GCF_018831485.1_ASM1883148v1: 1, GCF_014672735.1_ASM1467273v1: 1'	FDF35_07920,FDF35_07915,ABTW07_1540,ABTJ_RS12005,ABTW07_1447,I5593_RS11930	46	42	5.0	5	5
Acinetobacter_baumannii	50	'RM_Type_II: 1'	'GCA_005280395.1_ASM528039v1: 1'	ABUW_RS14235,LX00_RS04800,FDF39_12035,FDF35_10660,BJAB07104_RS05480,EGY13_RS15620	1	1	61.0	61	61
Acinetobacter_baumannii	52	'RosmerTA: 1'	'GCF_000814345.1_ASM81434v1: 1'	F9K57_RS08585,ABD1_RS09155,BL01_RS12410,B7L45_RS10195,ACICU_RS08930,EQ842_RS09390	1	1	5.09	9	4
Acinetobacter_baumannii	53	'RM_Type_IIG: 5, Gao_Her_SIR: 4, PD-T7-2: 4, Septu: 1, Borvo: 1, RM_Type_I: 1, RM_Type_IV: 1'	'GCF_002116925.1_ASM211692v1: 3, GCF_009035845.1_ASM903584v1: 3, GCF_009759685.1_ASM975968v1: 3, GCF_014672755.1_ASM1467275v1: 3, GCF_008802935.1_ASM880293v1: 2, GCF_009833005.1_ASM983300v1: 1, GCA_003012895.2_ASM301289v2: 1, GCF_002504145.1_ASM250414v1: 1'	ABTW07_1740,BJAB07104_RS11060,FDB76_05455,D8O08_010070,ABUW_RS11310,ABZJ_RS14490	17	8	4.25	6	4
Acinetobacter_baumannii	54	'RM_Type_II: 1'	'GCF_018808925.1_ASM1880892v1: 1'	B7L35_RS12265,D8O08_001260,AZE33_RS20090,EP560_RS18885,FR761_RS01175,E4664_RS16850	1	1	62.44	80	35
Acinetobacter_baumannii	57	'Gabija: 7, RM_Type_I: 6, Gao_Qat: 3, RM_Type_II: 3, RM_Type_IIG: 1, RM_Type_III: 1'	'GCF_006385075.1_ASM638507v1: 3, GCF_001896005.1_ASM189600v1: 2, GCF_004768705.1_ASM476870v1: 2, GCF_013376855.2_ASM1337685v2: 2, GCF_015870765.1_ASM1587076v1: 2, GCF_015870965.1_ASM1587096v1: 2, GCF_001399655.1_ASM139965v1: 2, GCA_003012895.2_ASM301289v2: 1, GCF_002753915.1_ASM275391v1: 1, GCF_012935005.1_ASM1293500v1: 1, GCF_002996805.1_ASM299680v1: 1, GCF_008931365.1_ASM893136v1: 1, GCF_012974845.1_ASM1297484v1: 1'	B7L45_RS00840,F9K57_RS16305,FED54_RS04630,RU84_RS00420,IX87_RS13735,AXK18_09070	21	13	48.88	142	6
Acinetobacter_baumannii	58	'RM_Type_IIG: 1'	'GCA_003012895.2_ASM301289v2: 1'	C6W84_03105,D8O08_002375,BKJ37_RS00990,ABAYE_RS01530,ABAYE_RS01530,TE32_RS00975	1	1	27.71	70	6
Acinetobacter_baumannii	64	'PD-T4-5: 1'	'GCA_000015425.1_ASM1542v1: 1'	RR41_RS15860,IX88_RS05255,D8O08_017380,DMO12_RS03395,AXK18_05205,AB987_RS04000	1	1	106.5	107	106
Acinetobacter_baumannii	65	'RM_Type_II: 8, SEFIR: 4'	'GCF_000419405.1_ASM41940v1: 1, GCF_001578145.1_ASM157814v1: 1, GCF_002902885.1_ASM290288v1: 1, GCF_013416275.1_ASM1341627v1: 1, GCF_003948085.2_ASM394808v2: 1, GCF_003949115.2_ASM394911v2: 1, GCF_003949725.2_ASM394972v2: 1, GCF_013394285.1_ASM1339428v1: 1, GCF_016864295.1_ASM1686429v1: 1, GCF_016864315.1_ASM1686431v1: 1, GCF_016864335.1_ASM1686433v1: 1, GCF_018135585.1_ASM1813558v1: 1'	AYR69_RS08735,H1I68_RS09455,DKE39_011980,ABR2091_RS09805,CUC60_018790,E4K02_RS05605	12	12	63.0	63	63
Acinetobacter_baumannii	66	'SEFIR: 2, AbiL: 1, Dsr_I: 1, Septu: 1'	'GCF_007107525.1_ASM710752v1: 1, GCF_003431385.1_ASM343138v1: 1, GCF_900093475.1_36734_D01_2: 1, GCF_003812385.1_ASM381238v1: 1, GCF_008931365.1_ASM893136v1: 1'	MFABIIPG_RS05180,AB57_RS14445,ABZJ_RS00540,ABZJ_RS00365,ABCIP7010_RS13010,ABR2091_RS13040	5	5	38.82	141	4
Acinetobacter_baumannii	67	'Gao_Qat: 68, PD-T4-5: 57, RM_Type_II: 48, PD-T7-1: 47, PD-T7-5: 47, RM_Type_I: 27, CAS_Class1-Subtype-I-F: 15, RM_Type_IV: 7, SoFic: 5, RM_Type_IIG: 3, Hachiman: 2, SEFIR: 2, Abi2: 1, AbiD: 1, Lamassu-Fam: 1, DRT_3: 1, DRT_4: 1, Dsr_II: 1, Septu: 1, Gao_Her_SIR: 1, PD-T7-2: 1, BREX: 1, BREX_I: 1, PrrC: 1, RM_Type_III: 1'	'GCF_013394285.1_ASM1339428v1: 5, GCF_001573105.1_ASM157310v1: 4, GCF_005280695.1_ASM528069v1: 4, GCF_005280715.1_ASM528071v1: 4, GCF_006385075.1_ASM638507v1: 4, GCF_009455505.1_ASM945550v1: 4, GCF_013305465.1_ASM1330546v1: 4, GCF_015732435.1_ASM1573243v1: 4, GCF_017096385.1_ASM1709638v1: 4, GCF_017096425.1_ASM1709642v1: 4, GCF_017098205.1_ASM1709820v1: 4, GCF_900088705.1_26872B01: 4, GCF_000419425.1_ASM41942v1: 4, GCF_000814345.1_ASM81434v1: 4, GCF_002762095.1_ASM276209v1: 4, GCF_002762115.1_ASM276211v1: 4, GCF_014672735.1_ASM1467273v1: 3, GCF_000746605.1_ASM74660v1: 3, GCA_003627485.2_ASM362748v2: 3, GCF_000226275.2_ASM22627v2: 3, GCF_000302575.1_ASM30257v1: 3, GCF_000419385.1_ASM41938v1: 3, GCF_000419405.1_ASM41940v1: 3, GCF_001026965.1_ASM102696v1: 3, GCF_001573085.1_ASM157308v1: 3, GCF_001578145.1_ASM157814v1: 3, GCF_001895985.1_ASM189598v1: 3, GCF_001902375.1_ASM190237v1: 3, GCF_001922205.1_ASM192220v1: 3, GCF_001922225.1_ASM192222v1: 3, GCF_001922245.1_ASM192224v1: 3, GCF_003010655.1_ASM301065v1: 3, GCF_003264275.1_ASM326427v1: 3, GCF_003516005.1_ASM351600v1: 3, GCF_003522785.1_ASM352278v1: 3, GCF_003522885.1_ASM352288v1: 3, GCF_004101685.1_ASM410168v1: 3, GCF_004101705.1_ASM410170v1: 3, GCF_004101725.1_ASM410172v1: 3, GCF_004101745.1_ASM410174v1: 3, GCF_008244865.1_ASM824486v1: 3, GCF_008244885.1_ASM824488v1: 3, GCF_008244905.1_ASM824490v1: 3, GCF_016903135.1_ASM1690313v1: 3, GCF_017098225.1_ASM1709822v1: 3, GCF_900093475.1_36734_D01_2: 3, GCF_001573125.1_ASM157312v1: 3, GCF_003431385.1_ASM343138v1: 3, GCF_004028375.1_ASM402837v1: 2, GCF_004768705.1_ASM476870v1: 2, GCF_012931665.1_ASM1293166v1: 2, GCF_001887305.1_ASM188730v1: 2, GCF_012272755.1_ASM1227275v1: 2, GCF_012272795.1_ASM1227279v1: 2, GCF_017096345.1_ASM1709634v1: 2, GCF_001514375.1_ASM151437v1: 2, GCF_001543995.1_ASM154399v1: 2, GCF_002082645.1_ASM208264v1: 2, GCF_002082725.1_ASM208272v1: 2, GCF_002843665.1_ASM284366v1: 2, GCF_002902885.1_ASM290288v1: 2, GCF_003591615.1_ASM359161v1: 2, GCF_012931625.1_ASM1293162v1: 2, GCF_012931645.1_ASM1293164v1: 2, GCF_001077555.2_ASM107755v2: 2, GCF_003948455.2_ASM394845v2: 2, GCF_012974845.1_ASM1297484v1: 2, GCF_014169655.1_ASM1416965v1: 2, GCF_000963815.1_ASM96381v1: 2, GCF_003948085.2_ASM394808v2: 2, GCF_003949115.2_ASM394911v2: 2, GCF_003949725.2_ASM394972v2: 2, GCF_008632635.1_ASM863263v1: 2, GCF_016864295.1_ASM1686429v1: 2, GCF_016864335.1_ASM1686433v1: 2, GCF_016864915.1_ASM1686491v1: 2, GCF_002948925.1_ASM294892v1: 2, GCF_003812245.1_ASM381224v1: 2, GCF_001457535.1_CIP70.10: 2, GCF_001517645.1_R2091: 2, GCF_000761175.1_ASM76117v1: 1, GCF_001636235.1_ASM163623v1: 1, GCF_001896005.1_ASM189600v1: 1, GCF_002504145.1_ASM250414v1: 1, GCF_002116925.1_ASM211692v1: 1, GCF_002947845.1_ASM294784v1: 1, GCF_003010675.1_ASM301067v1: 1, GCF_003812385.1_ASM381238v1: 1, GCF_009035845.1_ASM903584v1: 1, GCF_009497995.1_ASM949799v1: 1, GCF_009759685.1_ASM975968v1: 1, GCF_013377175.1_ASM1337717v1: 1, GCF_014322245.1_ASM1432224v1: 1, GCF_014672755.1_ASM1467275v1: 1, GCF_015910475.1_ASM1591047v1: 1, GCF_017753625.1_ASM1775362v1: 1, GCA_000189735.2_ASM18973v2: 1, GCA_002009115.1_ASM200911v1: 1, GCA_000307975.2_ASM30797v2: 1, GCF_000021245.2_ASM2124v2: 1, GCF_000069245.1_ASM6924v1: 1, GCF_000828795.1_ASM82879v1: 1, GCF_000830055.1_ASM83005v1: 1, GCF_001399655.1_ASM139965v1: 1, GCF_001806345.1_ASM180634v1: 1, GCF_001806385.1_ASM180638v1: 1, GCF_001895125.2_ASM189512v2: 1, GCF_002082825.1_ASM208282v1: 1, GCF_002210065.1_ASM221006v1: 1, GCF_002741415.1_ASM274141v1: 1, GCF_002803025.2_ASM280302v2: 1, GCF_002996805.1_ASM299680v1: 1, GCF_002999195.2_ASM299919v2: 1, GCF_003264255.1_ASM326425v1: 1, GCF_003264295.1_ASM326429v1: 1, GCF_003288775.1_ASM328877v1: 1, GCF_003296225.1_ASM329622v1: 1, GCF_005280375.1_ASM528037v1: 1, GCF_007647215.1_ASM764721v1: 1, GCF_008807055.1_ASM880705v1: 1, GCF_009833005.1_ASM983300v1: 1, GCF_012934925.1_ASM1293492v1: 1, GCF_012934945.1_ASM1293494v1: 1, GCF_012934965.1_ASM1293496v1: 1, GCF_012934985.1_ASM1293498v1: 1, GCF_012935045.1_ASM1293504v1: 1, GCF_012935025.1_ASM1293502v1: 1, GCF_012935005.1_ASM1293500v1: 1, GCF_012935065.1_ASM1293506v1: 1, GCF_012935145.1_ASM1293514v1: 1, GCF_012935165.1_ASM1293516v1: 1, GCF_012935185.1_ASM1293518v1: 1, GCF_013376855.2_ASM1337685v2: 1, GCF_014267385.1_ASM1426738v1: 1, GCF_015870765.1_ASM1587076v1: 1, GCF_015870965.1_ASM1587096v1: 1, GCF_016127515.1_ASM1612751v1: 1, GCF_016865465.1_ASM1686546v1: 1, GCF_016903215.1_ASM1690321v1: 1, GCF_017096325.1_ASM1709632v1: 1, GCF_017096365.1_ASM1709636v1: 1, GCF_017096405.1_ASM1709640v1: 1, GCF_017098185.1_ASM1709818v1: 1, GCF_017098245.1_ASM1709824v1: 1, GCF_017098265.1_ASM1709826v1: 1, GCF_018604365.1_ASM1860436v1: 1, GCF_018831465.1_ASM1883146v1: 1, GCF_018831485.1_ASM1883148v1: 1, GCF_900478145.1_34555_D01: 1, GCA_002762545.2_ASM276254v2: 1, GCF_000939415.2_HGAP_assembly_of_Acinetobacter_baumannii_ORAB01: 1, GCF_003931755.1_ASM393175v1: 1, GCF_003931775.1_ASM393177v1: 1, GCF_001261895.2_R2090: 1, GCF_004564095.1_ASM456409v1: 1, GCF_019076685.1_ASM1907668v1: 1, GCF_000505685.1_ASM50568v2: 1, GCF_000746645.1_ASM74664v1: 1, GCF_002082785.1_ASM208278v1: 1, GCF_003006035.1_ASM300603v1: 1, GCF_003345235.1_ASM334523v1: 1, GCF_003522665.1_ASM352266v1: 1, GCF_005518095.1_ASM551809v1: 1, GCF_012934905.1_ASM1293490v1: 1, GCF_018808925.1_ASM1880892v1: 1, GCF_018831125.1_ASM1883112v1: 1, GCF_014159355.1_ASM1415935v1: 1, GCF_003812485.1_ASM381248v1: 1, GCF_000498375.2_ASM49837v2: 1, GCF_001806365.1_ASM180636v1: 1, GCF_001806405.1_ASM180640v1: 1, GCF_001806425.1_ASM180642v1: 1, GCF_001806445.1_ASM180644v1: 1, GCF_001806465.1_ASM180646v1: 1, GCF_002082625.2_ASM208262v2: 1, GCF_002082745.1_ASM208274v1: 1, GCF_002082805.1_ASM208280v1: 1, GCF_002082845.1_ASM208284v1: 1, GCF_002082865.1_ASM208286v1: 1, GCF_002082885.1_ASM208288v1: 1, GCF_002947415.1_ASM294741v1: 1, GCF_003029495.1_ASM302949v1: 1, GCF_011067065.1_ASM1106706v1: 1, GCF_012272775.1_ASM1227277v1: 1, GCF_000828935.1_ASM82893v1: 1, GCF_005280435.1_ASM528043v1: 1, GCF_017639875.1_ASM1763987v1: 1, GCF_017723975.1_ASM1772397v1: 1, GCF_017724115.1_ASM1772411v1: 1, GCF_017724155.1_ASM1772415v1: 1, GCF_017724195.1_ASM1772419v1: 1, GCF_017724215.1_ASM1772421v1: 1, GCF_017726495.1_ASM1772649v1: 1, GCF_017726555.1_ASM1772655v1: 1, GCF_017742855.1_ASM1774285v1: 1, GCF_013394265.1_ASM1339426v1: 1'	DLD53_RS08470,HB366_RS14310,AB57_RS04950,IOMTU433_RS14510,TE32_RS14525,A4U85_RS14295	341	196	28.67	78	4
Acinetobacter_baumannii	71	'RM_Type_I: 5, Dnd_ABCDE: 1, Dnd_ABCDEFGH: 1'	'GCF_012974585.1_ASM1297458v1: 2, GCA_005280355.1_ASM528035v1: 1, GCF_002996805.1_ASM299680v1: 1, GCF_005280375.1_ASM528037v1: 1, GCF_012934925.1_ASM1293492v1: 1, GCF_012935145.1_ASM1293514v1: 1'	FDF39_06915,A1S_0123,EQH48_RS17930,ABTW07_0134,M3Q_RS01705,FDB76_13735	7	6	11.27	73	4
Acinetobacter_baumannii	72	'RosmerTA: 8'	'GCA_000015425.1_ASM1542v1: 1, GCF_001077675.1_ASM107767v1: 1, GCF_001593425.2_ASM159342v2: 1, GCF_001941765.1_ASM194176v1: 1, GCF_004797155.2_ASM479715v2: 1, GCF_008630895.1_ASM863089v1: 1, GCF_013372085.1_ASM1337208v1: 1, GCF_014672775.1_ASM1467277v1: 1'	BS064_RS10785,EQH48_RS09380,AYR70_RS09050,F9K57_RS08585,ABD1_RS09155,BL01_RS12410	8	8	76.28	134	11
Acinetobacter_baumannii	76	'RM_Type_I: 3, Lit: 1, RM_Type_II: 1'	'GCF_001077555.2_ASM107755v2: 2, GCF_001895125.2_ASM189512v2: 1, GCF_004194555.1_ASM419455v1: 1, GCF_019076685.1_ASM1907668v1: 1'	ABTW07_3376,M3Q_RS17160,B856_10895,EQH48_RS02795,ABTW07_3378,AB237_RS02755	5	4	16.9	38	4
Acinetobacter_baumannii	85	'CapRel: 11, RM_Type_II: 2, Rst_3HP: 1'	'GCF_013394265.1_ASM1339426v1: 1, GCA_013403505.1_ASM1340350v1: 1, GCF_000021245.2_ASM2124v2: 1, GCF_000419425.1_ASM41942v1: 1, GCF_000963815.1_ASM96381v1: 1, GCF_002210065.1_ASM221006v1: 1, GCF_002999195.2_ASM299919v2: 1, GCF_003181015.1_ASM318101v1: 1, GCF_006385075.1_ASM638507v1: 1, GCF_016127515.1_ASM1612751v1: 1, GCF_017098225.1_ASM1709822v1: 1, GCF_900478145.1_34555_D01: 1, GCF_001457535.1_CIP70.10: 1, GCF_001517645.1_R2091: 1'	ABTW07_3236,CUC60_010295,AXK18_12085,AN415_RS04110,A1S_2761,B7L38_RS14770	14	14	24.53	241	7
Acinetobacter_baumannii	86	'BstA: 2, CapRel: 2'	'GCF_012931625.1_ASM1293162v1: 1, GCF_012931645.1_ASM1293164v1: 1, GCA_005280415.1_ASM528041v1: 1, GCF_012935105.1_ASM1293510v1: 1'	D8O08_018350,ABR2090_RS14030,BKJ37_RS15320,C6W84_08350,DLD53_RS08810,EGX84_RS08750	4	4	4.5	6	4
Acinetobacter_baumannii	88	'RM_Type_II: 4, AbiH: 2, Lamassu-Fam: 2, PD-T4-9: 1'	'GCF_000505685.1_ASM50568v2: 1, GCF_014672735.1_ASM1467273v1: 1, GCF_004564095.1_ASM456409v1: 1, GCF_004028375.1_ASM402837v1: 1, GCF_008632635.1_ASM863263v1: 1, GCF_000069245.1_ASM6924v1: 1, GCF_001399655.1_ASM139965v1: 1, GCF_013787185.1_ASM1378718v1: 1, GCF_013394265.1_ASM1339426v1: 1'	AN415_RS13535,ABCIP7010_RS05070,AB895_RS12720,F7R97_RS05195,BS615_RS20255,G6543_RS05605	9	9	14.0	14	14
Acinetobacter_baumannii	93	'RM_Type_II: 14, PD-T4-7: 1'	'GCF_000746605.1_ASM74660v1: 1, GCA_003627485.2_ASM362748v2: 1, GCF_000746645.1_ASM74664v1: 1, GCF_001806425.1_ASM180642v1: 1, GCF_001806445.1_ASM180644v1: 1, GCF_001806465.1_ASM180646v1: 1, GCF_002082625.2_ASM208262v2: 1, GCF_002082865.1_ASM208286v1: 1, GCF_002082885.1_ASM208288v1: 1, GCF_003812245.1_ASM381224v1: 1, GCF_005280715.1_ASM528071v1: 1, GCF_016350005.1_ASM1635000v1: 1, GCF_016350065.1_ASM1635006v1: 1, GCF_016350085.1_ASM1635008v1: 1, GCF_016350105.1_ASM1635010v1: 1'	ABR2091_RS12875,AXK18_13990,ABTJ_RS05680,FDF39_00730,KPZ59_RS13895,H1I73_RS05410	15	15	5.0	5	5
Acinetobacter_baumannii	113	'SspBCDE: 1'	'GCA_000307975.2_ASM30797v2: 1'	IX88_RS13675,M3Q_RS13690,EQH48_RS12415,CTZ18_RS15265,IX88_RS05645,ACX61_RS15265	1	1	79.53	156	6
Acinetobacter_baumannii	118	'RosmerTA: 35, PD-Lambda-2: 13, Retron_I_B: 3, RM_Type_I: 3'	'GCF_000814345.1_ASM81434v1: 1, GCF_001077965.2_ASM107796v2: 1, GCF_001399655.1_ASM139965v1: 1, GCF_002948925.1_ASM294892v1: 1, GCF_003812065.1_ASM381206v1: 1, GCF_003812245.1_ASM381224v1: 1, GCF_008931365.1_ASM893136v1: 1, GCF_009740145.1_ASM974014v1: 1, GCF_012931605.1_ASM1293160v1: 1, GCF_014874575.1_ASM1487457v1: 1, GCF_015910475.1_ASM1591047v1: 1, GCF_018135585.1_ASM1813558v1: 1, GCF_900093475.1_36734_D01_2: 1, GCA_013403505.1_ASM1340350v1: 1, GCF_000021245.2_ASM2124v2: 1, GCF_000069245.1_ASM6924v1: 1, GCF_000830055.1_ASM83005v1: 1, GCF_000828935.1_ASM82893v1: 1, GCF_000963815.1_ASM96381v1: 1, GCF_001895125.2_ASM189512v2: 1, GCF_002082785.1_ASM208278v1: 1, GCF_002082825.1_ASM208282v1: 1, GCF_002210065.1_ASM221006v1: 1, GCF_002741415.1_ASM274141v1: 1, GCF_002996805.1_ASM299680v1: 1, GCF_002999195.2_ASM299919v2: 1, GCF_003006035.1_ASM300603v1: 1, GCF_003522845.1_ASM352284v1: 1, GCF_005280435.1_ASM528043v1: 1, GCF_005518095.1_ASM551809v1: 1, GCF_006385075.1_ASM638507v1: 1, GCF_008632635.1_ASM863263v1: 1, GCF_012934905.1_ASM1293490v1: 1, GCF_012935005.1_ASM1293500v1: 1, GCF_013394265.1_ASM1339426v1: 1, GCF_016127515.1_ASM1612751v1: 1, GCF_017639875.1_ASM1763987v1: 1, GCF_017723975.1_ASM1772397v1: 1, GCF_017724115.1_ASM1772411v1: 1, GCF_017724155.1_ASM1772415v1: 1, GCF_017724195.1_ASM1772419v1: 1, GCF_017724215.1_ASM1772421v1: 1, GCF_017726495.1_ASM1772649v1: 1, GCF_017726555.1_ASM1772655v1: 1, GCF_017742855.1_ASM1774285v1: 1, GCF_018808925.1_ASM1880892v1: 1, GCF_018831125.1_ASM1883112v1: 1, GCF_900478145.1_34555_D01: 1, GCF_000746605.1_ASM74660v1: 1, GCF_012931625.1_ASM1293162v1: 1, GCF_012931645.1_ASM1293164v1: 1, GCF_000186665.3_ASM18666v4: 1, GCF_001261895.2_R2090: 1, GCF_019076685.1_ASM1907668v1: 1'	ABTJ_RS15890,ABK1_RS03125,CBI29_RS03380,IX88_RS04940,AXK18_05565,ABBFA_RS15180	54	54	69.6	131	21
Acinetobacter_baumannii	119	'CapRel: 4, Septu: 3'	'GCF_000786735.1_ASM78673v1: 1, GCF_001908295.1_ASM190829v1: 1, GCF_012935125.1_ASM1293512v1: 1, GCF_001077655.1_ASM107765v1: 1, GCF_002996805.1_ASM299680v1: 1, GCF_012935105.1_ASM1293510v1: 1, GCF_013394285.1_ASM1339428v1: 1'	P795_RS05460,IEE82_05955,A1S_2308,AB57_RS13930,Aba3207_RS05440,AN415_RS06440	7	7	39.5	40	39
Acinetobacter_baumannii	120	'CBASS_I: 1, CBASS_II: 1'	'GCF_015571935.1_ASM1557193v1: 2'	AZE33_RS02375,M3Q_RS03635,ABCIP7010_RS02280,ABTJ_RS16365,HIN89_RS02240,EQ841_RS16610	2	1	92.33	97	89
Acinetobacter_baumannii	121	'CAS_Class1-Subtype-I-F: 33'	'GCA_013403505.1_ASM1340350v1: 1, GCF_000021245.2_ASM2124v2: 1, GCF_000069245.1_ASM6924v1: 1, GCF_000830055.1_ASM83005v1: 1, GCF_000963815.1_ASM96381v1: 1, GCF_001457535.1_CIP70.10: 1, GCF_001399655.1_ASM139965v1: 1, GCF_001517645.1_R2091: 1, GCF_002082785.1_ASM208278v1: 1, GCF_002082825.1_ASM208282v1: 1, GCF_002210065.1_ASM221006v1: 1, GCF_002741415.1_ASM274141v1: 1, GCF_002803025.2_ASM280302v2: 1, GCF_002996805.1_ASM299680v1: 1, GCF_002999195.2_ASM299919v2: 1, GCF_003006035.1_ASM300603v1: 1, GCF_003296225.1_ASM329622v1: 1, GCF_003431385.1_ASM343138v1: 1, GCF_003522845.1_ASM352284v1: 1, GCF_005518095.1_ASM551809v1: 1, GCF_006385075.1_ASM638507v1: 1, GCF_008931365.1_ASM893136v1: 1, GCF_012931605.1_ASM1293160v1: 1, GCF_012934905.1_ASM1293490v1: 1, GCF_012935005.1_ASM1293500v1: 1, GCF_014159355.1_ASM1415935v1: 1, GCF_014874575.1_ASM1487457v1: 1, GCF_016127515.1_ASM1612751v1: 1, GCF_018831465.1_ASM1883146v1: 1, GCF_018808925.1_ASM1880892v1: 1, GCF_018831125.1_ASM1883112v1: 1, GCF_018831485.1_ASM1883148v1: 1, GCF_900478145.1_34555_D01: 1'	Aba5845_RS01010,ABZJ_RS01030,B856_01115,AYR69_RS13575,DKE39_004935,M3Q_RS15015	33	33	7.33	8	6
Acinetobacter_baumannii	122	'BstA: 1'	'GCF_012931665.1_ASM1293166v1: 1'	AM467_RS14845,RU84_RS04955,DU202_RS15710,C6W84_16090,AYP_RS13895,D8O08_006175	1	1	27.14	46	11
Acinetobacter_baumannii	130	'Septu: 4, RM_Type_IV: 4, RM_Type_II: 1'	'GCF_001721705.1_ASM172170v1: 2, GCF_000419405.1_ASM41940v1: 1, GCF_001578145.1_ASM157814v1: 1, GCF_004194555.1_ASM419455v1: 1, GCF_012974585.1_ASM1297458v1: 1, GCF_000186665.3_ASM18666v4: 1, GCF_001261895.2_R2090: 1, GCF_002803025.2_ASM280302v2: 1'	AUO97_RS05420,FDB76_18400,ABZJ_RS04805,BS064_RS01240,BJAB0715_RS18165,H0S62_RS05345	9	8	5.0	5	5
Acinetobacter_baumannii	135	'RosmerTA: 1'	'GCF_000188215.1_ASM18821v1: 1'	B7L41_RS12860,AB895_RS00315,TE32_RS07360,FDF39_00730,KPZ59_RS13895,H1I73_RS05410	1	1	5.0	5	5
Acinetobacter_baumannii	142	'PD-T7-1: 1, PD-T7-5: 1, RosmerTA: 1, RM_Type_II: 1'	'GCF_002948925.1_ASM294892v1: 4'	FDF35_07920,FDF35_07915,ABTW07_1540,B7L41_RS12860,AB895_RS00315,TE32_RS07360	4	1	86.73	131	40
Acinetobacter_baumannii	146	'DarTG: 1, Zorya_TypeI: 1, RM_Type_I: 1'	'GCF_000498375.2_ASM49837v2: 3'	ABTJ_RS12900,EP550_RS06025,AbD4_RS05895,IEE82_13350,AYR67_RS12345,ABTW07_1341	3	1	18.5	23	13
Acinetobacter_baumannii	167	'SspBCDE: 1'	'GCF_000695855.3_ASM69585v3: 1'	B856_00785,AT570_RS05590,AOT16_RS00905,CTZ18_RS15265,AYR67_RS14485,IX88_RS05645	1	1	19.0	19	19
Acinetobacter_baumannii	171	'Septu: 3, CBASS_I: 1'	'GCF_001895125.2_ASM189512v2: 1, GCF_014672735.1_ASM1467273v1: 1, GCF_007107525.1_ASM710752v1: 1, GCF_009833005.1_ASM983300v1: 1'	D8O08_004910,ABTJ_RS03520,A4U85_RS03470,ABAYE_RS04250,FDF39_02520,BJAB0868_RS14700	4	4	49.0	50	48
Acinetobacter_baumannii	173	'PD-T4-5: 2, RM_Type_II: 2'	'GCF_000786735.1_ASM78673v1: 2, GCF_001908295.1_ASM190829v1: 2'	CSB68_RS06070,CBL15_RS07755,AXK18_15855,DLD53_RS08470,HB366_RS14310,AB57_RS04950	4	2	72.75	110	45
Acinetobacter_baumannii	177	'Retron_I_B: 9'	'GCF_000761175.1_ASM76117v1: 1, GCF_000746645.1_ASM74664v1: 1, GCF_001896005.1_ASM189600v1: 1, GCF_002947845.1_ASM294784v1: 1, GCF_003010675.1_ASM301067v1: 1, GCF_003345235.1_ASM334523v1: 1, GCF_003522665.1_ASM352266v1: 1, GCF_003812485.1_ASM381248v1: 1, GCF_016864295.1_ASM1686429v1: 1'	B7L42_RS18045,Aba9102_RS11525,AN415_RS01080,DKE39_000770,AN158_RS07980,ACICU_RS17705	9	9	30.64	68	4
Acinetobacter_baumannii	178	'RM_Type_I: 5'	'GCF_000761175.1_ASM76117v1: 1, GCF_000746645.1_ASM74664v1: 1, GCF_002947845.1_ASM294784v1: 1, GCF_003010675.1_ASM301067v1: 1, GCF_003345235.1_ASM334523v1: 1'	BBX32_RS08740,ABZJ_RS15800,C6W84_12415,M3Q_RS10875,AB57_RS10100,D8O08_011645	5	5	65.24	101	6
Acinetobacter_baumannii	192	'Gabija: 6'	'GCF_001077555.2_ASM107755v2: 1, GCF_002504145.1_ASM250414v1: 1, GCF_003812385.1_ASM381238v1: 1, GCF_004194555.1_ASM419455v1: 1, GCF_014159355.1_ASM1415935v1: 1, GCF_014322245.1_ASM1432224v1: 1'	FDF39_18205,AM467_RS11990,IOMTU433_RS07885,FDF35_04035,ABD1_RS10445,ABAYE_RS08035	6	6	21.68	72	6
Acinetobacter_baumannii	193	'RM_Type_III: 1, RM_Type_IV: 1'	'GCF_004194555.1_ASM419455v1: 2'	TE32_RS19085,AXA63_RS18675,DMO12_RS00715,FDF39_06915,A1S_0123,EQH48_RS17930	2	1	11.37	34	9
Acinetobacter_baumannii	199	'CapRel: 1, Gao_Her_SIR: 1, PD-T7-2: 1, RM_Type_I: 1'	'GCF_015571935.1_ASM1557193v1: 3, GCF_012974585.1_ASM1297458v1: 1'	C6W84_4680,ABTJ_RS09390,AM435_RS03390,ABR2091_RS09805,CUC60_018790,E4K02_RS05605	4	2	20.0	20	20
Acinetobacter_baumannii	214	'PD-T4-5: 6'	'GCF_001593425.2_ASM159342v2: 1, GCF_001941765.1_ASM194176v1: 1, GCF_004797155.2_ASM479715v2: 1, GCF_008630895.1_ASM863089v1: 1, GCF_013372085.1_ASM1337208v1: 1, GCF_014672775.1_ASM1467277v1: 1'	HBK86_RS17430,LX00_RS17895,ACICU_RS17865,RR41_RS17875,FDB76_12705,OCUAC_RS16690	6	6	5.88	7	4
Acinetobacter_baumannii	217	'CBASS_I: 3, CBASS_II: 3'	'GCF_001636235.1_ASM163623v1: 2, GCF_003522665.1_ASM352266v1: 2, GCF_009497995.1_ASM949799v1: 2'	Aba9201_RS04040,ABR2091_RS08680,IOMTU433_RS09645,B856_04400,D8O08_011460,ABCAM1_RS09265	6	3	12.12	27	4
Acinetobacter_baumannii	219	'RM_Type_II: 2'	'GCF_001668465.2_ASM166846v2: 1, GCF_008033255.2_ASM803325v2: 1'	ABR2091_RS12875,AXK18_13990,ABTJ_RS05680,AN415_RS13535,ABCIP7010_RS05070,AB895_RS12720	2	2	66.81	82	35
Acinetobacter_baumannii	230	'RM_Type_II: 1'	'GCF_002082705.1_ASM208270v1: 1'	AN415_RS13535,ABCIP7010_RS05070,AB895_RS12720,DLD53_RS08470,HB366_RS14310,AB57_RS04950	1	1	58.0	58	58
Acinetobacter_baumannii	231	'SspBCDE: 1'	'GCF_002082705.1_ASM208270v1: 1'	CTZ18_RS15265,AYR67_RS14485,IX88_RS05645,DYB08_RS13675,EGM95_RS17260,ABD1_RS03530	1	1	45.0	45	45
Acinetobacter_baumannii	233	'RM_Type_II: 1'	'GCF_002082805.1_ASM208280v1: 1'	I6K89_RS12025,KAB08_RS18445,FLY89_RS18635,FDF35_16635,ABD1_RS16800,CTZ20_RS00640	1	1	33.0	55	18
Acinetobacter_baumannii	239	'RloC: 4'	'GCF_002116925.1_ASM211692v1: 1, GCF_009035845.1_ASM903584v1: 1, GCF_009759685.1_ASM975968v1: 1, GCF_014672755.1_ASM1467275v1: 1'	FDM99_RS09240,ABTJ_RS12180,ABZJ_RS13000,ABTW07_1412,B856_02915,ABAYE_RS12510	4	4	10.0	10	10
Acinetobacter_baumannii	240	'RloC: 5, RM_Type_IIG: 5, Gao_Ppl: 1, Septu: 1'	'GCF_013394285.1_ASM1339428v1: 2, GCF_002116925.1_ASM211692v1: 1, GCF_009035845.1_ASM903584v1: 1, GCF_009759685.1_ASM975968v1: 1, GCF_014672755.1_ASM1467275v1: 1, GCF_017753625.1_ASM1775362v1: 1, GCF_017098185.1_ASM1709818v1: 1, GCF_017098245.1_ASM1709824v1: 1, GCF_017098265.1_ASM1709826v1: 1, GCF_012931625.1_ASM1293162v1: 1, GCF_012931645.1_ASM1293164v1: 1'	AYR69_RS17380,ABAYE_RS01530,TE32_RS00975,C6W84_03105,D8O08_002375,BKJ37_RS00990	12	11	12.65	70	4
Acinetobacter_baumannii	259	'Gabija: 1'	'GCF_008931365.1_ASM893136v1: 1'	H1I72_RS03960,CUC60_010835,B7L31_RS02000,AXK18_12615,ABUW_RS04515,B7L41_RS16630	1	1	4.0	4	4
Acinetobacter_baumannii	273	'PD-T7-1: 2, PD-T7-5: 2, RM_Type_II: 2, PD-T4-5: 1'	'GCF_008802935.1_ASM880293v1: 4, GCF_003431385.1_ASM343138v1: 3'	ACICU_RS10460,AYR67_RS07775,IX87_RS21205,CSB68_RS06070,CBL15_RS07755,AXK18_15855	7	2	29.0	48	10
Acinetobacter_baumannii	274	'CBASS_I: 2, CBASS_II: 2, RM_Type_I: 2'	'GCF_003431865.1_ASM343186v1: 3, GCF_003547115.1_ASM354711v1: 3'	DLD53_RS08470,HB366_RS14310,AB57_RS04950,ABD1_RS03530,EGM95_RS17260,DYB08_RS13675	6	2	6.14	7	5
Acinetobacter_baumannii	287	'RM_Type_IV: 2'	'GCF_004564115.1_ASM456411v1: 1, GCF_008931365.1_ASM893136v1: 1'	B7L43_RS13495,C6W84_0900,FDB76_18030,DKE39_001450,A1S_3213,ABD1_RS15975	2	2	7.83	12	4
Acinetobacter_baumannii	300	'PD-T4-2: 1'	'GCF_007107525.1_ASM710752v1: 1'	ABAYE_RS07560,ABTW07_2519,ABK1_RS07345,FDF35_03190,AM435_RS01180,ABD1_RS10935	1	1	11.58	35	4
Acinetobacter_baumannii	306	'RM_Type_IIG: 1'	'GCF_008931365.1_ASM893136v1: 1'	AM467_RS05405,RU84_RS12875,BJAB07104_RS05480,EP550_RS14015,AN415_RS14165,IAG34_RS05010	1	1	16.0	16	16
Acinetobacter_baumannii	324	'CapRel: 1'	'GCF_012935085.1_ASM1293508v1: 1'	P795_RS05460,IEE82_05955,A1S_2308,C6W84_08350,DLD53_RS08810,EGX84_RS08750	1	1	63.75	106	12
Acinetobacter_baumannii	327	'Gao_Ppl: 1, RM_Type_IIG: 1'	'GCF_013416275.1_ASM1341627v1: 2'	HYI42_15070,KAB07_RS14280,BL01_RS06260,ABZJ_RS01200,BS103_RS12775,FDB76_16690	2	1	56.5	106	7
Acinetobacter_baumannii	330	'DRT_2: 1, CBASS_I: 1, CBASS_II: 1, RM_Type_IIG: 1'	'GCF_014159355.1_ASM1415935v1: 4'	C4X49_RS03965,BJAB0868_RS04130,HYI42_05790,IEE82_15170,AXK18_04500,AB57_RS04425	4	1	73.0	73	73
Acinetobacter_baumannii	338	'RM_Type_II: 1'	'GCF_015732435.1_ASM1573243v1: 1'	B7L41_RS12860,AB895_RS00315,TE32_RS07360,E4K03_RS08230,Aba7804_RS07935,ABTW07_2646	1	1	25.08	103	4
Acinetobacter_baumannii	342	'Bunzi: 1'	'GCF_016864295.1_ASM1686429v1: 1'	ABCIP7010_RS02280,M3Q_RS03635,AZE33_RS02375,HYI42_10430,IOMTU433_RS00385,FDB76_19075	1	1	24.14	56	4
Acinetobacter_baumannii	346	'dGTPase: 1'	'GCF_016864315.1_ASM1686431v1: 1'	J7D36_RS10050,FDF35_06855,AUO97_RS15220,F9K57_RS08585,ABD1_RS09155,BL01_RS12410	1	1	25.8	52	8
Acinetobacter_baumannii	362	'RM_Type_I: 1'	'GCF_900093475.1_36734_D01_2: 1'	AZE33_RS08410,ABA1_RS07730,GQO96_RS20255,AB57_RS08310,DKE39_009600,CUC60_015060	1	1	27.78	62	23
Acinetobacter_baumannii	363	'RM_Type_I: 1'	'GCF_900093475.1_36734_D01_2: 1'	ABK1_RS10010,ABR2091_RS07360,ABAYE_RS11180,ABCIP7010_RS07360,IEE82_11510,AB57_RS08640	1	1	59.17	147	4
Acinetobacter_indicus	1	'RosmerTA: 1, RM_Type_III: 1'	'GCF_009914375.1_ASM991437v1: 2'	FK537_RS03470,FK538_RS04170,GA721_RS09860,GA660_RS10170,J0W33_RS12280,JYB86_RS04755	2	1	60.89	122	12
Acinetobacter_indicus	2	'AVAST_IV: 2, RloC: 1'	'GCF_013378115.1_ASM1337811v1: 1, GCF_009914375.1_ASM991437v1: 1, GCF_009914395.1_ASM991439v1: 1'	GA636_RS07420,GA636_RS07415,FSC09_RS04030,GA646_RS04970,G0030_RS03905,FK538_RS10245	3	3	21.25	27	15
Acinetobacter_indicus	5	'RosmerTA: 4, Mokosh_TypeI: 1'	'GCF_009296145.1_ASM929614v1: 1, GCF_002953575.2_ASM295357v2: 1, GCF_009914415.1_ASM991441v1: 1, GCF_009914475.1_ASM991447v1: 1, GCF_015217905.1_ASM1521790v1: 1'	E5093_RS14120,G0027_RS09640,FSC17_12315,GA721_RS00840,G0027_RS09475,G0027_RS09470	5	5	20.5	24	17
Acinetobacter_indicus	7	'RM_Type_I: 9, RM_Type_IV: 5, CAS_Class1-Subtype-III-A: 1, CAS_Cluster: 1, Gao_TerY: 1, SspBCDE: 1'	'GCF_013378115.1_ASM1337811v1: 3, GCF_009734145.1_ASM973414v1: 2, GCF_009296145.1_ASM929614v1: 2, GCF_010918195.1_ASM1091819v1: 2, GCF_017309425.1_ASM1730942v1: 2, GCF_015218885.1_ASM1521888v1: 2, GCF_017309445.1_ASM1730944v1: 2, GCF_010917815.1_ASM1091781v1: 1, GCF_015217905.1_ASM1521790v1: 1, GCF_017132735.1_ASM1713273v1: 1'	G0030_RS13925,G0030_RS13930,GA646_RS14615,GA693_RS12990,GA693_RS12995,GA693_RS13000	18	10	22.5	30	11
Acinetobacter_indicus	15	'RM_Type_I: 7, RM_Type_IV: 2, BREX: 1, BREX_I: 1, Eleos: 1, RM_Type_IIG: 1, RM_Type_III: 1'	'GCF_017132735.1_ASM1713273v1: 3, GCF_012278715.1_ASM1227871v1: 2, GCF_009734145.1_ASM973414v1: 2, GCF_009914395.1_ASM991439v1: 1, GCF_010917815.1_ASM1091781v1: 1, GCF_013378115.1_ASM1337811v1: 1, GCF_009914415.1_ASM991441v1: 1, GCF_009914475.1_ASM991447v1: 1, GCF_009914435.1_ASM991443v1: 1, GCF_002953575.2_ASM295357v2: 1'	G0030_RS03185,FHP22_RS11455,GA660_RS03615,J0W32_RS04595,FK538_RS10940,FK538_RS10935	14	10	16.85	44	5
Acinetobacter_indicus	16	'RM_Type_I: 8, CAS_Class1-Subtype-I-F: 3, Septu: 3, RM_Type_IV: 3, Wadjet: 2, Wadjet_I: 2, BREX: 2, BREX_I: 2, Abi2: 1, AbiD: 1, Gao_Hhe: 1, RloC: 1, PsyrTA: 1, ShosTA: 1, Druantia_III: 1, Mokosh_TypeI: 1, CBASS_I: 1, CBASS_II: 1, RM_Type_II: 1, RM_Type_III: 1'	'GCF_002953575.2_ASM295357v2: 5, GCF_010917815.1_ASM1091781v1: 5, GCF_009914435.1_ASM991443v1: 5, GCF_012278715.1_ASM1227871v1: 5, GCF_017132735.1_ASM1713273v1: 4, GCF_015218885.1_ASM1521888v1: 3, GCF_009914415.1_ASM991441v1: 2, GCF_009914475.1_ASM991447v1: 2, GCF_017309445.1_ASM1730944v1: 2, GCF_010918195.1_ASM1091819v1: 1, GCF_009734145.1_ASM973414v1: 1, GCF_012278735.1_ASM1227873v1: 1, GCF_009914395.1_ASM991439v1: 1'	GA721_RS07995,FHP22_RS06350,FHP22_RS06355,G0027_RS01650,G0027_RS01655,G0027_RS01660	37	13	26.8	57	9
Acinetobacter_indicus	22	'RM_Type_I: 1'	'GCF_009914435.1_ASM991443v1: 1'	FSC02_RS04065,CTZ23_RS10775,CTZ23_RS10770,FSC02_RS04065,GA721_RS10245,FSC17_03095	1	1	20.8	62	4
Acinetobacter_indicus	25	'RM_Type_I: 3, RloC: 1, CBASS_I: 1, CBASS_II: 1'	'GCF_015218885.1_ASM1521888v1: 3, GCF_012278735.1_ASM1227873v1: 2, GCF_013378115.1_ASM1337811v1: 1'	FSC05_RS04720,G0030_RS04440,FK538_RS09700,E5093_RS10010,E5093_RS10005,GA636_RS08095	6	3	28.0	28	28
Acinetobacter_indicus	30	'RM_Type_I: 3, Gabija: 2, DRT_2: 1, Gao_Qat: 1, Zorya_TypeI: 1, CBASS_I: 1, CBASS_II: 1, RM_Type_IIG: 1, RM_Type_III: 1'	'GCF_015217905.1_ASM1521790v1: 6, GCF_017309445.1_ASM1730944v1: 2, GCF_013378115.1_ASM1337811v1: 2, GCF_002953575.2_ASM295357v2: 1, GCF_009734145.1_ASM973414v1: 1'	GA660_RS10150,FK537_RS03480,GA721_RS09875,GA660_RS10165,GA660_RS10170,J0W33_RS12280	12	5	16.0	16	16
Acinetobacter_indicus	32	'RloC: 1, RM_Type_I: 1'	'GCF_002953575.2_ASM295357v2: 2'	E5093_RS01075,E5093_RS01080,E5093_RS01085,FSC17_00130,FSC17_00125,FSC17_00120	2	1	37.83	61	20
Acinetobacter_indicus	33	'RM_Type_I: 5, RloC: 2, RosmerTA: 1'	'GCF_010917815.1_ASM1091781v1: 2, GCF_013378115.1_ASM1337811v1: 2, GCF_017309425.1_ASM1730942v1: 2, GCF_009734145.1_ASM973414v1: 1, GCF_015217905.1_ASM1521790v1: 1'	GA636_RS05660,GA636_RS05655,GA721_RS02265,J0W32_RS05490,GA660_RS02760,FK537_RS10355	8	5	45.47	105	6
Acinetobacter_indicus	36	'RM_Type_I: 4, RM_Type_II: 4'	'GCA_010918035.1_ASM1091803v1: 2, GCF_009296145.1_ASM929614v1: 2, GCF_010917815.1_ASM1091781v1: 2, GCF_013378115.1_ASM1337811v1: 2'	GA636_RS05820,CTZ23_RS02990,CTZ23_RS02995,FSC17_10795,GA721_RS02400,FSC17_10805	8	4	12.0	12	12
Acinetobacter_indicus	37	'RM_Type_I: 2, Lamassu-Fam: 1'	'GCF_009914395.1_ASM991439v1: 1, GCF_009734145.1_ASM973414v1: 1, GCF_010918195.1_ASM1091819v1: 1'	G0027_RS09665,JYB86_RS13900,GA636_RS04460,FSC17_12305,FSC17_12315,G0027_RS09640	3	3	5.8	9	4
Acinetobacter_indicus	57	'RM_Type_IV: 2'	'GCF_009296145.1_ASM929614v1: 1, GCF_010918375.1_ASM1091837v1: 1'	FSC09_RS09225,FSC09_RS09230,FSC09_RS09235,CTZ23_RS09425,CTZ23_RS09415,FSC02_RS05410	2	2	27.81	53	6
Acinetobacter_nosocomialis	3	'RM_Type_III: 1'	'GCA_003359375.2_ASM335937v2: 1'	FDQ49_RS10755,FRD49_RS01280,RR32_RS01210,DKE44_001475,GD578_RS17805,DIW83_RS01225	1	1	22.5	31	16
Acinetobacter_nosocomialis	12	'Septu: 1'	'GCF_019048685.1_ASM1904868v1: 1'	FRD49_RS00415,FRD49_RS00400,KAN01_RS00490,KAN01_RS00525,DKE48_000500,DKE48_000505	1	1	10.89	16	6
Acinetobacter_nosocomialis	20	'RM_Type_IV: 1'	'GCA_003359355.2_ASM335935v2: 1'	B7L44_RS13480,B7L44_RS13475,B7L44_RS13465,KAN02_RS12140,DIW83_RS12385,DKE50_012685	1	1	9.0	9	9
Acinetobacter_nosocomialis	21	'Menshen: 1, CBASS_I: 1'	'GCF_004792395.1_ASM479239v1: 1, GCF_002082665.1_ASM208266v1: 1'	RR32_RS11260,RR32_RS11255,DIW83_RS11725,AL533_RS10025,FDQ49_RS02840,FDQ49_RS02845	2	2	11.0	11	11
Acinetobacter_nosocomialis	53	'RM_Type_II: 1'	'GCF_000814165.3_ASM81416v3: 1'	DIW83_RS03700,DIW83_RS03695,RR32_RS03555,I6L25_RS00905,DKE48_003750,DIW83_RS03875	1	1	55.33	62	45
Acinetobacter_nosocomialis	55	'RM_Type_I: 2'	'GCF_003143895.1_ASM314389v1: 1, GCF_002951295.1_ASM295129v1: 1'	AL533_RS12535,AL533_RS12530,H0S59_RS04810,AL533_RS12730,KAN02_RS14010,DKE47_015755	2	2	41.0	41	41
Acinetobacter_nosocomialis	59	'Lamassu-Fam: 1'	'GCF_000814165.3_ASM81416v3: 1'	DKE47_013180,I6L25_RS09100,I6L25_RS09095,I6L25_RS09115,I6L25_RS09120,KAN01_RS11500	1	1	13.0	13	13
Acinetobacter_nosocomialis	61	'CapRel: 1'	'GCF_009588945.1_ASM958894v1: 1'	I6L25_RS02900,I6L25_RS02895,I6L25_RS02890,DKE47_006700,FDQ49_RS15175,DKE44_006080	1	1	4.0	4	4
Acinetobacter_nosocomialis	62	'Gao_Qat: 1, CBASS_I: 1, CBASS_II: 1'	'GCF_000814165.3_ASM81416v3: 2, GCF_009588945.1_ASM958894v1: 1'	AL533_RS13725,DKC18_014740,AL533_RS13715,DKC18_014775,FDQ49_RS06175,DIW83_RS15605	3	2	6.88	8	6
Acinetobacter_nosocomialis	70	'Gabija: 1'	'GCF_019048685.1_ASM1904868v1: 1'	DKE50_009795,DIW83_RS09225,KAN02_RS09470,DKE47_010270,I6L25_RS06330,AL533_RS07480	1	1	11.0	11	11
Acinetobacter_nosocomialis	72	'Lamassu-Fam: 1'	'GCA_003359435.2_ASM335943v2: 1'	DKE50_012690,DKE50_012685,H0S59_RS06715,DKE47_013520,H0S59_RS06630,DKE48_012355	1	1	10.75	21	7
Acinetobacter_nosocomialis	81	'RloC: 2, Abi2: 1, AbiD: 1, Gao_Ppl: 1, CBASS_I: 1, CBASS_II: 1, RM_Type_I: 1'	'GCF_008086325.1_ASM808632v1: 6, GCF_002082665.1_ASM208266v1: 1, GCF_009588945.1_ASM958894v1: 1'	FDQ49_RS10590,FDQ49_RS10585,FDQ49_RS10580,RR32_RS01005,RR32_RS01010,H0S59_RS17880	8	3	19.0	19	19
Acinetobacter_nosocomialis	89	'Kiwa: 1, RM_Type_I: 1, RM_Type_IIG: 1'	'GCF_008086325.1_ASM808632v1: 2, GCF_004295305.1_ASM429530v1: 1'	FDQ49_RS12315,B7L44_RS03500,B7L44_RS03495,FRD49_RS03030,GD578_RS16250,GD578_RS16245	3	2	23.0	23	23
Acinetobacter_nosocomialis	93	'RM_Type_IIG: 1'	'GCF_003143895.1_ASM314389v1: 1'	DKC18_014755,KAN01_RS14935,AL533_RS13725,DKC18_014775,FDQ49_RS06175,DIW83_RS15605	1	1	31.0	44	7
Acinetobacter_nosocomialis	97	'RM_Type_I: 3, Kiwa: 1, DRT_2: 1, Gao_Qat: 1, RM_Type_IIG: 1'	'GCF_003143895.1_ASM314389v1: 3, GCF_002951295.1_ASM295129v1: 2, GCF_004295305.1_ASM429530v1: 1, GCF_009588945.1_ASM958894v1: 1'	DKC18_015875,GD578_RS02870,DKE44_016735,DIW83_RS16640,RR32_RS15410,FDQ49_RS06870	7	4	6.25	8	4
Acinetobacter_nosocomialis	103	'RosmerTA: 2, PD-T4-7: 1'	'GCF_002951295.1_ASM295129v1: 1, GCF_019048685.1_ASM1904868v1: 1, GCF_015602685.1_ASM1560268v1: 1'	B7L44_RS09575,KAN02_RS08165,DKC18_007975,B7L44_RS09570,B7L44_RS09565,I6L25_RS05035	3	3	9.67	15	4
Acinetobacter_nosocomialis	114	'PD-T7-4: 1'	'GCF_002082665.1_ASM208266v1: 1'	AL533_RS02325,AL533_RS02320,KAN02_RS04305,KAN01_RS04080,RR32_RS04195,KAN01_RS04090	1	1	14.5	21	8
Acinetobacter_nosocomialis	116	'RM_Type_I: 1'	'GCF_002082665.1_ASM208266v1: 1'	DKC18_004400,FRD49_RS13145,FRD49_RS13140,AL533_RS12730,KAN02_RS14010,DKE47_015755	1	1	30.88	94	4
Acinetobacter_nosocomialis	117	'Gabija: 1, RM_Type_I: 1'	'GCF_002082665.1_ASM208266v1: 2'	AL533_RS12535,AL533_RS12530,H0S59_RS04810,RR32_RS19865,FRD49_RS13115,FRD49_RS13120	2	1	23.5	31	16
Acinetobacter_nosocomialis	123	'RM_Type_I: 4, Gao_Qat: 1, RM_Type_IV: 1'	'GCF_004295305.1_ASM429530v1: 2, GCF_019048685.1_ASM1904868v1: 1, GCF_004792395.1_ASM479239v1: 1, GCF_008086325.1_ASM808632v1: 1, GCF_005281455.1_ASM528145v1: 1'	H0S59_RS04810,FRD49_RS14005,RR32_RS13550,AL533_RS12730,KAN02_RS14010,DKE47_015755	6	5	10.0	10	10
Acinetobacter_nosocomialis	124	'RM_Type_IV: 1'	'GCF_004295305.1_ASM429530v1: 1'	AL533_RS07345,I6L25_RS06165,AL533_RS07335,B7L44_RS08370,I6L25_RS06215,I6L25_RS06220	1	1	30.5	43	21
Acinetobacter_nosocomialis	137	'RM_Type_IV: 1'	'GCF_004792395.1_ASM479239v1: 1'	B7L44_RS13480,B7L44_RS13475,B7L44_RS13470,DKE44_011995,KAN02_RS12130,KAN02_RS12140	1	1	74.33	87	61
Acinetobacter_nosocomialis	138	'Septu: 1, RM_Type_II: 1'	'GCF_004792395.1_ASM479239v1: 2'	AL533_RS11170,DIW83_RS13080,DKE44_012825,DIW83_RS13090,DKE47_014325,DIW83_RS13100	2	1	16.5	36	4
Acinetobacter_nosocomialis	139	'PD-T4-7: 1'	'GCF_004792395.1_ASM479239v1: 1'	H0S59_RS09380,DKC18_009600,GD578_RS09445,H0S59_RS09375,DIW83_RS09625,RR32_RS09300	1	1	64.0	64	64
Acinetobacter_nosocomialis	141	'RloC: 1, RM_Type_I: 1'	'GCF_004792395.1_ASM479239v1: 2'	DKE50_009510,KAN02_RS09130,RR32_RS08675,DKE44_008765,AL533_RS07120,B7L44_RS08575	2	1	37.0	37	37
Acinetobacter_nosocomialis	144	'Rst_HelicaseDUF2290: 1, DRT_3: 1'	'GCF_019048685.1_ASM1904868v1: 1, GCF_005281455.1_ASM528145v1: 1'	H0S59_RS14480,FRD49_RS04380,GD578_RS14710,FDQ49_RS13730,FDQ49_RS13735,FDQ49_RS13745	2	2	21.0	21	21
Acinetobacter_nosocomialis	153	'RosmerTA: 1'	'GCF_019048685.1_ASM1904868v1: 1'	AL533_RS08300,AL533_RS08295,KAN01_RS09575,AL533_RS08310,AL533_RS08315,AL533_RS08320	1	1	17.67	55	6
Acinetobacter_nosocomialis	154	'CBASS_I: 1, CBASS_II: 1'	'GCF_019048685.1_ASM1904868v1: 2'	AL533_RS13725,DKC18_014740,AL533_RS13715,KAN01_RS14955,RR32_RS14595,I6L25_RS12155	2	1	6.0	8	4
Acinetobacter_nosocomialis	166	'CBASS_I: 1, CBASS_II: 1'	'GCF_015602685.1_ASM1560268v1: 2'	RR32_RS15270,RR32_RS15275,GD578_RS03025,FRD49_RS17400,FRD49_RS17395,DKE44_018340	2	1	7.0	8	6
Acinetobacter_pittii	1	'PD-T4-7: 1, RosmerTA: 1'	'GCA_003359305.2_ASM335930v2: 1, GCF_003956065.1_ASM395606v1: 1'	AYJ52_RS15990,DKC15_007465,CCK83_RS18300,C2U64_RS09450,DKE45_007950,DKE52_008385	2	2	34.25	47	26
Acinetobacter_pittii	8	'SEFIR: 2, AVAST_II: 1, CBASS_I: 1, CBASS_II: 1, RM_Type_IV: 1'	'GCF_009931315.1_ASM993131v1: 2, GCA_003359305.2_ASM335930v2: 1, GCF_008694085.1_ASM869408v1: 1, GCF_016804045.1_ASM1680404v1: 1, GCF_001617545.1_ASM161754v1: 1'	KIP84_RS05295,KIP84_RS05290,KIP84_RS05285,C6N19_RS06760,C6N19_RS06765,HRJ47_RS05420	6	5	6.0	6	6
Acinetobacter_pittii	11	'PARIS_I: 1, PARIS_II: 1, PARIS_II_merge: 1'	'GCF_014168695.1_ASM1416869v1: 2, GCF_000191145.1_ASM19114v1: 1'	DKC15_018115,I6L29_RS15360,C6N19_RS19895,DBQ26_RS19170,H7R46_RS18165,I6J45_RS16620	3	2	14.15	63	5
Acinetobacter_pittii	15	'CBASS_I: 2, Gabija: 1, Lamassu-Fam: 1, dGTPase: 1'	'GCF_002012285.1_ASM201228v1: 2, GCF_003956065.1_ASM395606v1: 1, GCF_011996285.1_ASM1199628v1: 1, GCF_019047205.1_ASM1904720v1: 1'	IOD65_RS12295,BVD86_RS07135,I6J45_RS10245,C6N17_RS11820,C6N17_RS11825,H7R23_RS11610	5	4	12.33	44	4
Acinetobacter_pittii	17	'PARIS_I: 1, PARIS_II: 1'	'GCA_003359305.2_ASM335930v2: 2'	C6N17_RS07355,BMU11_RS16705,KIP84_RS06600,DKE42_007185,C2U64_RS08935,BVD86_RS02265	2	1	23.0	38	10
Acinetobacter_pittii	22	'PD-Lambda-2: 15, Gabija: 2, RosmerTA: 2, RM_Type_I: 2, RM_Type_III: 2'	'GCF_002158945.1_ASM215894v1: 2, GCF_003051965.2_ASM305196v2: 2, GCF_002012285.1_ASM201228v1: 2, GCF_011996285.1_ASM1199628v1: 2, GCA_003354845.1_ASM335484v1: 1, GCA_001581975.1_ASM158197v1: 1, GCF_002902805.2_ASM290280v2: 1, GCF_002999215.3_ASM299921v3: 1, GCF_007954485.1_ASM795448v1: 1, GCF_008121475.1_ASM812147v1: 1, GCF_014168695.1_ASM1416869v1: 1, GCF_014169935.1_ASM1416993v1: 1, GCF_014171935.1_ASM1417193v1: 1, GCF_015224645.1_ASM1522464v1: 1, GCF_016804045.1_ASM1680404v1: 1, GCF_016889305.1_ASM1688930v1: 1, GCF_016889345.1_ASM1688934v1: 1, GCF_016889825.1_ASM1688982v1: 1, GCF_019048225.1_ASM1904822v1: 1'	H7R23_RS16525,A0J50_14455,I6L26_RS03645,C6N17_RS16415,H2Q98_RS01065,A0J50_14665	23	19	4.0	4	4
Acinetobacter_pittii	27	'RM_Type_IV: 1'	'GCA_003354845.1_ASM335484v1: 1'	I6L29_RS10515,H2Q98_RS16865,BDGL_000366,DKP84_14635,DLK06_RS14505,DLK06_RS14515	1	1	8.43	16	4
Acinetobacter_pittii	30	'RM_Type_III: 2'	'GCF_002902805.2_ASM290280v2: 1, GCF_008121475.1_ASM812147v1: 1'	BDGL_000426,DKE41_012510,I6J46_RS10500,C6N17_RS13340,DKC15_012335,DLK06_RS14020	2	2	5.62	9	4
Acinetobacter_pittii	40	'DRT_2: 1, Septu: 1, PD-T7-1: 1, PD-T7-5: 1, Retron_III: 1, RM_Type_I: 1'	'GCF_002863745.1_ASM286374v1: 4, GCF_003956065.1_ASM395606v1: 1, GCF_002999115.2_ASM299911v2: 1'	H7R23_RS15615,I6J46_RS08035,I6J46_RS08030,DKE52_016910,BMU11_RS08160,DKE41_015110	6	3	10.52	20	5
Acinetobacter_pittii	56	'RM_Type_II: 1'	'GCA_003354845.1_ASM335484v1: 1'	DKE45_001100,DKP84_01110,DKE41_001080,H2Q98_RS05110,H2Q98_RS05120,I6L26_RS17405	1	1	29.0	29	29
Acinetobacter_pittii	66	'RM_Type_IV: 2, Gao_Qat: 1, PD-T7-1: 1, PD-T7-5: 1, RM_Type_I: 1'	'GCA_003359295.2_ASM335929v2: 2, GCF_008121475.1_ASM812147v1: 2, GCF_011996285.1_ASM1199628v1: 1, GCF_001577285.1_ASM157728v1: 1'	FXO17_RS14270,BDGL_000174,IEC338SC_RS06620,H7R46_RS13595,A0J50_12845,A0J50_12840	6	4	13.0	13	13
Acinetobacter_pittii	67	'Lamassu-Fam: 3, RM_Type_III: 2'	'GCF_007954485.1_ASM795448v1: 2, GCF_002999115.2_ASM299911v2: 1, GCF_019047205.1_ASM1904720v1: 1, GCA_003359315.2_ASM335931v2: 1'	EPY81_RS02990,C6N17_RS01830,BMU11_RS02935,IEC338SC_RS01155,H2Q98_RS05110,BDGL_002717	5	4	13.94	78	4
Acinetobacter_pittii	72	'Lamassu-Fam: 4, BstA: 1, RM_Type_IV: 1'	'GCF_009931315.1_ASM993131v1: 1, GCF_002902805.2_ASM290280v2: 1, GCF_008121475.1_ASM812147v1: 1, GCF_016889825.1_ASM1688982v1: 1, GCF_014168695.1_ASM1416869v1: 1, GCF_002012285.1_ASM201228v1: 1'	FXO17_RS12225,IEC338SC_RS08555,IEC338SC_RS08560,A0J50_11400,CCK83_RS13125,A0J50_11410	6	6	25.42	77	7
Acinetobacter_pittii	73	'Gao_Her_SIR: 1, PD-T7-2: 1'	'GCF_011996285.1_ASM1199628v1: 2'	G8E09_RS08745,I6L29_RS05985,I6L29_RS05980,G8E09_RS09080,I6L26_RS10065,I6L26_RS10060	2	1	52.18	73	34
Acinetobacter_pittii	79	'RM_Type_III: 1'	'GCA_003359295.2_ASM335929v2: 1'	DKE46_018210,DBQ26_RS18800,DBQ26_RS18795,HRJ47_RS18565,DKE41_018280,DKE52_019925	1	1	35.0	60	10
Acinetobacter_pittii	82	'RM_Type_I: 8, RM_Type_IV: 7, RM_Type_IIG: 6, PD-T4-5: 2, Gao_Qat: 1, PD-T7-1: 1, PD-T7-5: 1'	'GCF_014168695.1_ASM1416869v1: 4, GCF_016889345.1_ASM1688934v1: 2, GCF_016889825.1_ASM1688982v1: 2, GCF_019048225.1_ASM1904822v1: 2, GCF_009931315.1_ASM993131v1: 2, GCF_002863745.1_ASM286374v1: 1, GCF_016804045.1_ASM1680404v1: 1, GCF_000191145.1_ASM19114v1: 1, GCA_001581975.1_ASM158197v1: 1, GCF_014169935.1_ASM1416993v1: 1, GCF_015224645.1_ASM1522464v1: 1, GCF_002999215.3_ASM299921v3: 1, GCF_003051965.2_ASM305196v2: 1, GCF_007954485.1_ASM795448v1: 1, GCF_014171935.1_ASM1417193v1: 1, GCF_016889305.1_ASM1688930v1: 1, GCF_019047205.1_ASM1904720v1: 1, GCA_003359225.2_ASM335922v2: 1, GCF_002902805.2_ASM290280v2: 1'	IOD65_RS15085,C2U64_RS16155,FR838_RS15145,FXO17_RS14270,BDGL_000174,IEC338SC_RS06620	26	19	13.55	20	5
Acinetobacter_pittii	85	'RM_Type_IIG: 2'	'GCF_003051965.2_ASM305196v2: 1, GCF_011996285.1_ASM1199628v1: 1'	IEC338SC_RS00985,A0J50_00920,A0J50_00915,H7R23_RS01055,H7R23_RS01060,I6J44_RS01905	2	2	40.25	63	12
Acinetobacter_pittii	92	'RosmerTA: 4, Mokosh_TypeI: 2, Gabija: 1, AVAST_II: 1, Septu: 1, Gao_Qat: 1, Menshen: 1, RM_Type_I: 1'	'GCA_001581975.1_ASM158197v1: 3, GCF_014168695.1_ASM1416869v1: 2, GCF_016890065.1_ASM1689006v1: 1, GCF_002863745.1_ASM286374v1: 1, GCF_001617545.1_ASM161754v1: 1, GCF_003956065.1_ASM395606v1: 1, GCF_014169935.1_ASM1416993v1: 1, GCF_015224645.1_ASM1522464v1: 1, GCF_000191145.1_ASM19114v1: 1'	DLK06_RS10020,DKE41_008845,I6L26_RS09740,E8E07_RS09255,DKE41_008990,KIP84_RS08685	12	9	67.0	89	45
Acinetobacter_pittii	95	'RM_Type_III: 3, Lamassu-Fam: 2, RM_Type_II: 1'	'GCA_001581975.1_ASM158197v1: 2, GCF_001577285.1_ASM157728v1: 2, GCF_002158945.1_ASM215894v1: 1, GCF_003956065.1_ASM395606v1: 1'	I6J47_RS10740,I6J47_RS10735,A0J50_14695,EPY81_RS06990,FXO17_RS16195,FXO17_RS16200	6	4	17.0	17	17
Acinetobacter_pittii	97	'Lamassu-Fam: 1, DarTG: 1, Septu: 1, PARIS_II_merge: 1, Mokosh_TypeI: 1, BREX: 1, BREX_I: 1'	'GCF_016804045.1_ASM1680404v1: 4, GCF_002863745.1_ASM286374v1: 2, GCF_003051965.2_ASM305196v2: 1'	H7R46_RS04370,FR838_RS05755,FR838_RS05750,BDGL_002094,KIP84_RS04320,C6N17_RS05015	7	3	12.27	33	4
Acinetobacter_pittii	100	'CBASS_I: 4, CBASS_II: 2'	'GCA_001581975.1_ASM158197v1: 3, GCF_001577285.1_ASM157728v1: 3'	A0J50_16630,BMU11_RS05275,A0J50_16640,G8E09_RS18020,G8E09_RS18015,KIP84_RS17480	6	2	19.8	45	9
Acinetobacter_pittii	101	'Gao_RL: 2, RosmerTA: 2, Pycsar: 1'	'GCF_002999215.3_ASM299921v3: 2, GCF_014171935.1_ASM1417193v1: 2, GCF_008694085.1_ASM869408v1: 1'	BVD86_RS15375,KIP84_RS00400,BMU11_RS03685,C2U64_RS01640,I6J45_RS00025,DKP84_00450	5	3	37.89	64	8
Acinetobacter_pittii	105	'NLR_like_bNACHT01: 2'	'GCA_001581975.1_ASM158197v1: 1, GCF_015224645.1_ASM1522464v1: 1'	A0J50_03560,C6N17_RS04465,IEC338SC_RS17385,DLK06_RS04025,DLK06_RS04030,IOD65_RS04810	2	2	10.0	10	10
Acinetobacter_pittii	113	'Septu: 2, Retron_IV: 2'	'GCF_014168695.1_ASM1416869v1: 1, GCF_018454425.1_ASM1845442v1: 1, GCF_014169935.1_ASM1416993v1: 1, GCF_015224645.1_ASM1522464v1: 1'	C6N19_RS14890,C6N19_RS14880,C2U64_RS15830,HRJ47_RS13990,A0J50_12625,BMU11_RS09340	4	4	77.0	77	77
Acinetobacter_pittii	134	'Septu: 5'	'GCF_002902805.2_ASM290280v2: 1, GCF_008121475.1_ASM812147v1: 1, GCF_009931315.1_ASM993131v1: 1, GCF_016889825.1_ASM1688982v1: 1, GCF_018454425.1_ASM1845442v1: 1'	DLK06_RS01060,DKE45_001100,DKP84_01110,I6J47_RS14790,BMU11_RS03000,C2U64_RS02445	5	5	30.5	32	29
Acinetobacter_pittii	136	'Gabija: 3'	'GCF_001577285.1_ASM157728v1: 1, GCF_002999115.2_ASM299911v2: 1, GCF_007954485.1_ASM795448v1: 1'	DKE52_004585,I6L26_RS14480,DBQ26_RS04570,I6L26_RS14490,BVD86_RS19350,H7R46_RS04245	3	3	56.4	72	30
Acinetobacter_pittii	138	'PD-T4-5: 1, PD-T7-1: 1, PD-T7-5: 1'	'GCF_002158945.1_ASM215894v1: 2, GCF_014171935.1_ASM1417193v1: 1'	A0J50_07375,A0J50_07380,A0J50_07385,A0J50_07370,DLK06_RS08880,BVD86_RS03410	3	2	17.5	21	14
Acinetobacter_pittii	146	'RM_Type_I: 2, dGTPase: 1, AVAST_I: 1, DarTG: 1, Mokosh_TypeI: 1, Zorya_TypeI: 1'	'GCF_007954485.1_ASM795448v1: 3, GCF_014169935.1_ASM1416993v1: 2, GCF_016890065.1_ASM1689006v1: 1, GCF_003956065.1_ASM395606v1: 1'	DKE45_013340,C2U64_RS15315,C6N19_RS14345,I6J47_RS08050,I6J47_RS08055,I6J47_RS08060	7	4	8.85	23	4
Acinetobacter_pittii	149	'RloC: 1'	'GCF_002999115.2_ASM299911v2: 1'	IOD65_RS17295,A0J50_15125,C2U64_RS18405,BMU11_RS06620,DKE46_016500,I6J47_RS11055	1	1	12.0	24	4
Acinetobacter_pittii	150	'PD-T7-1: 1, PD-T7-5: 1, RM_Type_IV: 1'	'GCF_002999115.2_ASM299911v2: 3'	I6J44_RS07640,EPY81_RS09030,EPY81_RS09035,FXO17_RS14270,BDGL_000174,IEC338SC_RS06620	3	1	6.0	6	6
Acinetobacter_pittii	156	'RM_Type_III: 1'	'GCF_016889305.1_ASM1688930v1: 1'	DKE46_018210,DBQ26_RS18800,DBQ26_RS18795,DBQ26_RS19015,DKE52_019925,DKE45_018215	1	1	17.0	17	17
Acinetobacter_pittii	157	'Septu: 1, PD-T4-7: 1'	'GCF_003051965.2_ASM305196v2: 1, GCF_011996285.1_ASM1199628v1: 1'	G8E09_RS05680,BDGL_001806,G8E09_RS05670,BVD86_RS01280,BVD86_RS01285,EPY81_RS17195	2	2	55.0	73	5
Acinetobacter_pittii	159	'DRT_2: 1, CBASS_I: 1, CBASS_II: 1, RM_Type_I: 1, RM_Type_IIG: 1'	'GCF_003956065.1_ASM395606v1: 4, GCF_014171935.1_ASM1417193v1: 1'	AYJ52_RS09390,A0J50_13495,I6J45_RS13055,DLK06_RS16255,H2Q98_RS18875,DKE42_014675	5	2	28.76	87	4
Acinetobacter_pittii	165	'RM_Type_IIG: 1, RM_Type_IV: 1'	'GCF_008694085.1_ASM869408v1: 2'	H7R23_RS16525,A0J50_14455,I6L26_RS03645,DKP84_17275,H2Q98_RS01085,G8E09_RS16160	2	1	34.0	46	4
Acinetobacter_pittii	176	'Septu: 1'	'GCF_015224645.1_ASM1522464v1: 1'	KIP84_RS05295,KIP84_RS05290,KIP84_RS05285,C6N17_RS06165,I6J44_RS16155,IEC338SC_RS15460	1	1	6.0	6	6
Acinetobacter_pittii	179	'RM_Type_III: 2'	'GCF_016889345.1_ASM1688934v1: 1, GCF_019048225.1_ASM1904822v1: 1'	A0J50_17775,DKE42_018890,G8E09_RS19195,DBQ26_RS19680,IEC338SC_RS18750,IEC338SC_RS18755	2	2	25.12	103	4
Acinetobacter_pittii	184	'Gabija: 1'	'GCF_018454425.1_ASM1845442v1: 1'	DKC15_015040,FR838_RS13900,FR838_RS13905,EPY81_RS07665,CCK83_RS10040,DKE46_015495	1	1	12.8	17	9
Acinetobacter_seifertii	0	'Lamassu-Fam: 1, Septu: 1'	'GCF_014723035.1_ASM1472303v1: 2'	IC797_14925,IC800_14605,I8T81_RS15305,IC797_14930,IC782_RS03565,IC773_RS03560	2	1	27.0	27	27
Acinetobacter_seifertii	6	'PsyrTA: 1, Septu: 1, ShosTA: 1'	'GCA_014723175.1_ASM1472317v1: 2, GCF_014722015.1_ASM1472201v1: 1'	IC776_RS17960,IC791_RS19055,IC765_00510,IC793_00420,IC773_RS19335,IC774_00410	3	2	27.08	39	7
Acinetobacter_seifertii	7	'PrrC: 1, RM_Type_I: 1'	'GCA_014717695.1_ASM1471769v1: 2'	IC794_16275,IC794_16270,IC767_RS15785,IC794_16275,IC793_14725,IC764_RS15755	2	1	17.12	39	8
Acinetobacter_seifertii	8	'Gabija: 2, Mokosh_TypeI: 1, RosmerTA: 1'	'GCA_014718955.1_ASM1471895v1: 1, GCF_014718355.1_ASM1471835v1: 1, GCF_014720075.1_ASM1472007v1: 1, GCF_014723035.1_ASM1472303v1: 1'	IC765_09555,IC783_RS10120,IC783_RS10125,IC788_RS08750,IC787_10330,IC794_09620	4	4	23.0	28	18
Acinetobacter_seifertii	9	'PD-Lambda-2: 2'	'GCA_014717695.1_ASM1471769v1: 1, GCA_014718155.1_ASM1471815v1: 1'	IC795_11810,IC770_13050,IC770_13045,IC795_11825,IC797_12095,IC797_12100	2	2	22.0	23	21
Acinetobacter_seifertii	11	'AbiL: 1'	'GCA_014723175.1_ASM1472317v1: 1'	IC798_08960,IC791_RS10375,IC791_RS10370,IC779_RS10475,IC797_08620,IC781_RS09910	1	1	20.5	26	15
Acinetobacter_seifertii	12	'dCTPdeaminase: 1, Septu: 1'	'GCF_018138965.1_ASM1813896v1: 2'	IC764_RS16075,IC784_14260,IC766_RS15045,I6L30_RS07380,IC800_14775,IC800_14780	2	1	6.0	6	6
Acinetobacter_seifertii	13	'PD-T7-1: 2, PD-T7-5: 2'	'GCA_014717695.1_ASM1471769v1: 2, GCA_014718155.1_ASM1471815v1: 2'	IC776_RS08000,IC771_RS08300,IC773_RS08300,IC790_10120,IC790_10125,IC799_RS10300	4	2	28.25	50	7
Acinetobacter_seifertii	15	'RosmerTA: 20, Kiwa: 2, RM_Type_I: 2'	'GCA_014718955.1_ASM1471895v1: 2, GCF_014718355.1_ASM1471835v1: 2, GCA_014718755.1_ASM1471875v1: 1, GCA_014720295.1_ASM1472029v1: 1, GCA_014722275.1_ASM1472227v1: 1, GCA_014722535.1_ASM1472253v1: 1, GCA_014723075.1_ASM1472307v1: 1, GCF_014719215.1_ASM1471921v1: 1, GCF_014719435.1_ASM1471943v1: 1, GCF_014719835.1_ASM1471983v1: 1, GCF_014720495.1_ASM1472049v1: 1, GCF_014720855.1_ASM1472085v1: 1, GCF_014721075.1_ASM1472107v1: 1, GCF_014721415.1_ASM1472141v1: 1, GCF_014721575.1_ASM1472157v1: 1, GCF_014722775.1_ASM1472277v1: 1, GCF_014721815.1_ASM1472181v1: 1, GCF_014723135.1_ASM1472313v1: 1, GCF_014723095.1_ASM1472309v1: 1, GCF_014723055.1_ASM1472305v1: 1, GCF_014788525.1_ASM1478852v1: 1, GCF_014723195.1_ASM1472319v1: 1'	IC765_15775,IC788_RS15515,IC775_02720,IC769_15505,IC775_02890,IC769_15495	24	22	18.0	29	5
Acinetobacter_seifertii	16	'Druantia_III: 18, RM_Type_I: 14, RM_Type_IV: 5, RM_Type_II: 2, Septu: 1, Zorya_TypeI: 1, Eleos: 1, SoFic: 1, RM_Type_IIG: 1'	'GCA_014719655.1_ASM1471965v1: 3, GCF_014720075.1_ASM1472007v1: 2, GCA_014718755.1_ASM1471875v1: 2, GCF_014720495.1_ASM1472049v1: 2, GCF_014720855.1_ASM1472085v1: 2, GCF_014721075.1_ASM1472107v1: 2, GCF_014721415.1_ASM1472141v1: 2, GCF_014721815.1_ASM1472181v1: 2, GCF_014723135.1_ASM1472313v1: 2, GCF_014723155.1_ASM1472315v1: 2, GCF_014723095.1_ASM1472309v1: 2, GCF_014723195.1_ASM1472319v1: 2, GCF_014717515.1_ASM1471751v1: 2, GCF_019048405.1_ASM1904840v1: 2, GCA_014723115.1_ASM1472311v1: 2, GCA_014723075.1_ASM1472307v1: 1, GCF_014719215.1_ASM1471921v1: 1, GCF_014719435.1_ASM1471943v1: 1, GCF_014719835.1_ASM1471983v1: 1, GCF_014721575.1_ASM1472157v1: 1, GCF_014722775.1_ASM1472277v1: 1, GCF_014723055.1_ASM1472305v1: 1, GCF_014788525.1_ASM1478852v1: 1, GCA_014722535.1_ASM1472253v1: 1, GCA_014717695.1_ASM1471769v1: 1, GCA_014718155.1_ASM1471815v1: 1, GCF_014722015.1_ASM1472201v1: 1, GCF_018138965.1_ASM1813896v1: 1'	IC763_15235,IC776_RS04555,IC763_15225,IC781_RS04485,IC767_RS15265,IC767_RS15270	44	28	8.28	10	4
Acinetobacter_seifertii	19	'Zorya_TypeI: 1'	'GCA_014718955.1_ASM1471895v1: 1'	IC790_18110,IC775_00670,IC775_00675,IC784_17215,IC788_RS17640,IC784_17225	1	1	44.64	106	7
Acinetobacter_seifertii	23	'Gabija: 2, RloC: 1, pAgo: 1, RM_Type_II: 1'	'GCF_014723035.1_ASM1472303v1: 3, GCF_014718355.1_ASM1471835v1: 1, GCA_014723215.1_ASM1472321v1: 1'	IC792_RS15635,IC783_RS04210,IC788_RS04110,IC800_04140,IC800_04145,IC772_RS04415	5	3	24.0	24	24
Acinetobacter_seifertii	25	'DRT_2: 11, RM_Type_III: 11, Gao_Her_DUF: 10, RM_Type_IIG: 10, Gao_Qat: 9, RloC: 1, RosmerTA: 1, PrrC: 1, RM_Type_I: 1'	'GCF_014719215.1_ASM1471921v1: 5, GCF_014719435.1_ASM1471943v1: 5, GCF_014719835.1_ASM1471983v1: 5, GCF_014721075.1_ASM1472107v1: 5, GCF_014722775.1_ASM1472277v1: 5, GCF_014721815.1_ASM1472181v1: 5, GCF_014723055.1_ASM1472305v1: 5, GCF_014788525.1_ASM1478852v1: 5, GCF_014721415.1_ASM1472141v1: 4, GCF_014721575.1_ASM1472157v1: 4, GCF_014718355.1_ASM1471835v1: 3, GCA_014722275.1_ASM1472227v1: 2, GCA_014723115.1_ASM1472311v1: 1, GCA_014720295.1_ASM1472029v1: 1'	IC787_15455,IC787_15450,IC783_RS04395,IC773_RS15540,IC770_04190,IC774_04245	55	14	23.18	41	19
Acinetobacter_seifertii	31	'Mokosh_TypeI: 2, RM_Type_III: 2, BREX: 1, RM_Type_I: 1, RM_Type_IIG: 1'	'GCA_014719655.1_ASM1471965v1: 1, GCA_014720715.1_ASM1472071v1: 1, GCF_014723155.1_ASM1472315v1: 1, GCF_014721215.1_ASM1472121v1: 1, GCA_014723215.1_ASM1472321v1: 1, GCA_014718955.1_ASM1471895v1: 1, GCF_014718355.1_ASM1471835v1: 1'	IC795_15390,IC795_15385,IC770_16840,IC776_RS02680,IC798_15810,IC790_16125	7	7	5.0	6	4
Acinetobacter_seifertii	32	'RM_Type_II: 3'	'GCA_014718535.1_ASM1471853v1: 1, GCA_014720715.1_ASM1472071v1: 1, GCA_014723175.1_ASM1472317v1: 1'	IC787_19170,IC795_00720,IC797_00735,IC798_00775,IC763_00795,IC793_00835	3	3	5.92	14	4
Acinetobacter_seifertii	36	'RloC: 3, BREX_I: 1'	'GCA_014720715.1_ASM1472071v1: 1, GCA_014723215.1_ASM1472321v1: 1, GCF_014722015.1_ASM1472201v1: 1, GCA_014719655.1_ASM1471965v1: 1'	IC791_RS20830,IC781_RS18850,IC778_RS20810,IC789_RS20460,IC765_18720,IC780_RS20860	4	4	5.25	6	4
Acinetobacter_seifertii	39	'AbiL: 1'	'GCA_014720715.1_ASM1472071v1: 1'	IC779_RS10475,IC797_08620,IC769_08525,IC765_09555,IC783_RS10120,IC783_RS10125	1	1	5.65	9	4
Acinetobacter_seifertii	43	'PrrC: 2, RM_Type_I: 2, RM_Type_III: 2, Lamassu-Fam: 1, SoFic: 1'	'GCA_014723175.1_ASM1472317v1: 3, GCF_014722015.1_ASM1472201v1: 2, GCA_014720715.1_ASM1472071v1: 2, GCF_014718355.1_ASM1471835v1: 1'	IC784_01265,IC766_RS01175,IC771_RS18540,IC787_18665,I8T81_RS01340,IC787_18655	8	4	12.6	22	7
Acinetobacter_seifertii	44	'Retron_II: 20, Septu: 2'	'GCA_014720715.1_ASM1472071v1: 1, GCA_014723175.1_ASM1472317v1: 1, GCA_014718755.1_ASM1471875v1: 1, GCA_014720295.1_ASM1472029v1: 1, GCA_014722275.1_ASM1472227v1: 1, GCA_014722535.1_ASM1472253v1: 1, GCF_014719215.1_ASM1471921v1: 1, GCF_014719435.1_ASM1471943v1: 1, GCF_014719835.1_ASM1471983v1: 1, GCF_014720495.1_ASM1472049v1: 1, GCF_014720855.1_ASM1472085v1: 1, GCF_014721075.1_ASM1472107v1: 1, GCF_014721415.1_ASM1472141v1: 1, GCF_014721575.1_ASM1472157v1: 1, GCF_014722775.1_ASM1472277v1: 1, GCF_014721815.1_ASM1472181v1: 1, GCF_014723135.1_ASM1472313v1: 1, GCF_014723155.1_ASM1472315v1: 1, GCF_014723095.1_ASM1472309v1: 1, GCF_014723055.1_ASM1472305v1: 1, GCF_014788525.1_ASM1478852v1: 1, GCF_014723195.1_ASM1472319v1: 1'	IC790_01145,IC783_RS01220,IC763_01165,IC771_RS18545,IC771_RS18540,IC766_RS01175	22	22	24.88	44	17
Acinetobacter_seifertii	48	'Gabija: 1'	'GCF_014723035.1_ASM1472303v1: 1'	IC787_07480,IC797_11200,IC780_RS07390,IC782_RS07300,IC792_RS07525,IC767_RS12405	1	1	24.0	24	24
Acinetobacter_seifertii	50	'AVAST_IV: 3'	'GCA_014718535.1_ASM1471853v1: 1, GCA_014720715.1_ASM1472071v1: 1, GCF_019048405.1_ASM1904840v1: 1'	IC794_12410,IC795_11045,IC778_RS07445,IC782_RS07300,IC792_RS07525,IC767_RS12405	3	3	24.38	31	17
Acinetobacter_seifertii	52	'RM_Type_IV: 1'	'GCA_014718535.1_ASM1471853v1: 1'	IC800_13660,IC781_RS04655,IC784_13300,IC781_RS04485,IC767_RS15265,IC767_RS15270	1	1	12.0	12	12
Acinetobacter_seifertii	53	'RM_Type_I: 4, Gao_TerY: 1, Shango: 1, RM_Type_IV: 1'	'GCF_014723035.1_ASM1472303v1: 3, GCA_014723075.1_ASM1472307v1: 1, GCF_014719215.1_ASM1471921v1: 1, GCF_014719835.1_ASM1471983v1: 1, GCF_014723095.1_ASM1472309v1: 1'	IC768_RS14275,IC775_05630,IC785_RS14780,IC794_14150,IC779_RS05660,IC769_13060	7	5	52.0	52	52
Acinetobacter_seifertii	54	'AbiL: 1'	'GCA_014718535.1_ASM1471853v1: 1'	IC779_RS10475,IC797_08620,IC769_08525,IC781_RS08285,IC790_10055,IC795_08680	1	1	8.18	13	5
Acinetobacter_seifertii	61	'SEFIR: 2, Dsr_I: 1, Septu: 1, Mokosh_TypeI: 1, Pycsar: 1'	'GCA_014718535.1_ASM1471853v1: 2, GCA_014723215.1_ASM1472321v1: 1, GCF_014720075.1_ASM1472007v1: 1, GCF_014723155.1_ASM1472315v1: 1, GCF_019048405.1_ASM1904840v1: 1'	IC785_RS06295,IC785_RS06290,IC763_06455,IC784_05585,IC776_RS12905,IC790_05640	6	5	21.0	21	21
Acinetobacter_seifertii	68	'Zorya_TypeI: 1'	'GCA_014719655.1_ASM1471965v1: 1'	IC790_18110,IC775_00670,IC775_00675,IC788_RS17640,IC783_RS19700,IC783_RS19705	1	1	16.0	16	16
Acinetobacter_seifertii	75	'Mokosh_TypeI: 2, Zorya_TypeII: 2'	'GCA_014719655.1_ASM1471965v1: 2, GCA_014723215.1_ASM1472321v1: 2'	IC790_10340,IC800_10285,IC777_RS08085,IC784_10540,IC793_11345,IC793_11350	4	2	27.0	27	27
Acinetobacter_seifertii	83	'CBASS_I: 6, CBASS_II: 3, Gao_TerY: 1, Mokosh_TypeI: 1'	'GCF_014719215.1_ASM1471921v1: 3, GCF_014719835.1_ASM1471983v1: 3, GCF_019048405.1_ASM1904840v1: 3, GCF_014718355.1_ASM1471835v1: 2'	IC778_RS01100,IC778_RS01105,IC793_17700,IC794_19095,IC780_RS01090,IC797_17290	11	4	21.59	25	17
Acinetobacter_seifertii	84	'Shedu: 2'	'GCF_014717515.1_ASM1471751v1: 1, GCF_014722015.1_ASM1472201v1: 1'	IC800_04315,IC785_RS04475,IC793_05095,IC789_RS15535,IC789_RS15540,IC777_RS15340	2	2	30.0	30	30
Acinetobacter_seifertii	89	'RloC: 11, RM_Type_IIG: 2, RM_Type_II: 1'	'GCA_014722275.1_ASM1472227v1: 1, GCF_014719215.1_ASM1471921v1: 1, GCF_014719435.1_ASM1471943v1: 1, GCF_014719835.1_ASM1471983v1: 1, GCF_014721075.1_ASM1472107v1: 1, GCF_014721415.1_ASM1472141v1: 1, GCF_014721575.1_ASM1472157v1: 1, GCF_014722775.1_ASM1472277v1: 1, GCF_014721815.1_ASM1472181v1: 1, GCF_014723055.1_ASM1472305v1: 1, GCF_014788525.1_ASM1478852v1: 1, GCF_016064815.1_ASM1606481v1: 1, GCF_014720495.1_ASM1472049v1: 1, GCF_014720855.1_ASM1472085v1: 1'	IC764_RS01050,IC773_RS18685,IC800_01060,IC769_01055,IC782_RS19055,IC769_01045	14	14	8.39	19	4
Acinetobacter_seifertii	108	'Zorya_TypeI: 1'	'GCA_014723215.1_ASM1472321v1: 1'	IC790_18110,IC775_00670,IC775_00675,IC795_17505,IC787_00645,IC795_17515	1	1	9.07	40	4
Acinetobacter_seifertii	109	'Lamassu-Fam: 1'	'GCF_014717515.1_ASM1471751v1: 1'	IC790_11540,IC779_RS07015,IC779_RS07020,IC792_RS07170,KCV10_RS00600,IC799_RS11390	1	1	43.0	62	5
Acinetobacter_seifertii	115	'Zorya_TypeI: 1'	'GCF_014718355.1_ASM1471835v1: 1'	IC790_18110,IC775_00670,IC775_00675,IC790_18365,IC797_17825,IC797_17830	1	1	14.33	17	13
Acinetobacter_seifertii	124	'Zorya_TypeI: 1'	'GCF_014721215.1_ASM1472121v1: 1'	IC773_RS00620,IC800_17715,IC789_RS00610,IC790_18110,IC775_00670,IC775_00675	1	1	5.5	6	5
Acinetobacter_seifertii	130	'Shedu: 1'	'GCF_014722015.1_ASM1472201v1: 1'	IC791_RS18025,IC767_RS01445,IC774_01535,IC791_RS18040,IC768_RS01420,IC787_18455	1	1	62.5	78	47
Acinetobacter_seifertii	138	'Gao_Iet: 1'	'GCF_016064815.1_ASM1606481v1: 1'	IC789_RS19390,IC777_RS19185,IC799_RS00635,IC780_RS19145,IC772_RS00640,IC780_RS19135	1	1	16.0	16	16
Acinetobacter_seifertii	139	'Thoeris_I: 1, Thoeris_II: 1'	'GCF_016064815.1_ASM1606481v1: 2'	IC777_RS10690,IC790_08450,IC778_RS10705,IC770_08890,I6L30_RS00455,IC770_08900	2	1	12.95	24	4
Acinetobacter_seifertii	144	'Lamassu-Fam: 1'	'GCF_019048405.1_ASM1904840v1: 1'	IC766_RS12040,IC779_RS06680,I6L30_RS04100,IC773_RS06605,IC800_11530,IC800_11535	1	1	16.57	25	8
